,,,,,,,,Total,,,,,Short,,,Medium,,,Long,,,,,,,,,,,,,-additional
Rk,Player,Nation,Pos,Squad,Age,Born,90s,Cmp,Att,Cmp%,TotDist,PrgDist,Cmp,Att,Cmp%,Cmp,Att,Cmp%,Cmp,Att,Cmp%,Ast,xAG,xA,A-xAG,KP,1/3,PPA,CrsPA,PrgP,Matches,-9999
1,Brenden Aaronson,us USA,MFFW,Leeds United,22-188,2000,25.5,574,769,74.6,7352,2137,332,407,81.6,146,189,77.2,25,60,41.7,3,4.2,2.6,-1.2,46,45,16,4,84,Matches,5bc43860
2,Che Adams,sct SCO,FW,Southampton,26-289,1996,21.1,317,476,66.6,4462,1003,200,270,74.1,71,107,66.4,26,37,70.3,3,2.8,2.2,+0.2,24,20,10,2,32,Matches,f2bf1b0f
3,Tyler Adams,us USA,MF,Leeds United,24-073,1999,24.0,1108,1343,82.5,16592,5061,607,686,88.5,390,460,84.8,63,107,58.9,0,1.4,1.0,-1.4,24,110,13,0,136,Matches,2b09d998
4,Tosin Adarabioyo,eng ENG,DF,Fulham,25-216,1997,17.2,754,937,80.5,15663,5801,186,221,84.2,477,538,88.7,82,150,54.7,0,0.2,0.3,-0.2,4,66,4,0,71,Matches,c81d773d
5,Nayef Aguerd,ma MAR,DF,West Ham,27-029,1996,13.7,448,572,78.3,9079,3890,161,174,92.5,227,261,87.0,56,125,44.8,0,0.4,0.2,-0.4,4,28,3,0,18,Matches,288e1e13
6,Naouirou Ahamada,fr FRA,MFFW,Crystal Palace,21-030,2002,1.0,37,46,80.4,550,179,19,23,82.6,15,17,88.2,1,3,33.3,0,0.1,0.0,-0.1,1,3,0,0,2,Matches,a6c58494
7,Rayan Aït Nouri,dz ALG,DF,Wolves,21-326,2001,11.5,446,552,80.8,6728,2269,255,287,88.9,159,195,81.5,20,32,62.5,0,1.0,0.8,-1.0,7,28,14,5,43,Matches,9b398aea
8,Kristoffer Ajer,no NOR,DF,Brentford,25-011,1998,8.5,259,345,75.1,4480,1887,131,159,82.4,102,128,79.7,23,40,57.5,0,0.0,0.1,0.0,1,20,3,1,31,Matches,a8c0acb7
9,Manuel Akanji,ch SUI,DF,Manchester City,27-283,1995,21.6,1587,1702,93.2,27104,8584,717,745,96.2,755,790,95.6,94,134,70.1,1,0.3,0.5,+0.7,5,107,2,1,93,Matches,89ac64a6
10,Nathan Aké,nl NED,DF,Manchester City,28-069,1995,18.7,1477,1633,90.4,23750,8378,722,759,95.1,668,724,92.3,61,94,64.9,0,0.6,1.2,-0.6,8,136,8,1,128,Matches,eaeca114
11,Marc Albrighton,eng ENG,FWMF,Leicester City,33-161,1989,2.6,89,148,60.1,1440,551,48,60,80.0,23,34,67.6,12,34,35.3,0,0.9,0.4,-0.9,6,6,5,2,7,Matches,b827d5b3
12,Thiago Alcántara,es ESP,MF,Liverpool,32-017,1991,13.9,946,1097,86.2,17219,4988,433,466,92.9,346,392,88.3,136,172,79.1,0,1.1,1.3,-1.1,17,110,20,1,120,Matches,77e84962
13,Carlos Alcaraz,ar ARG,MFFW,Southampton,20-149,2002,7.2,150,195,76.9,2102,457,80,94,85.1,54,62,87.1,4,15,26.7,1,0.5,0.4,+0.5,3,13,4,0,18,Matches,4abac767
14,Trent Alexander-Arnold,eng ENG,DF,Liverpool,24-203,1998,26.5,1761,2351,74.9,33251,13155,814,913,89.2,656,837,78.4,262,515,50.9,7,8.9,7.4,-1.9,60,183,65,22,194,Matches,cd1acf9d
15,Alisson,br BRA,GK,Liverpool,30-208,1992,32.0,1090,1272,85.7,25264,16273,279,281,99.3,568,577,98.4,239,405,59.0,1,0.3,0.0,+0.7,1,14,0,0,2,Matches,7a2e46a8
16,Dele Alli,eng ENG,MF,Everton,27-017,1996,0.4,12,15,80.0,123,10,6,8,75.0,4,5,80.0,0,0,,0,0.0,0.0,0.0,0,2,0,0,1,Matches,cea4ee8f
17,Miguel Almirón,py PAR,FW,Newcastle Utd,29-077,1994,23.4,683,829,82.4,9278,2307,423,471,89.8,198,243,81.5,26,36,72.2,1,1.8,2.2,-0.8,21,39,26,3,109,Matches,862a1c15
18,Julián Álvarez,ar ARG,FWMF,Manchester City,23-087,2000,10.2,229,295,77.6,3055,475,135,162,83.3,57,76,75.0,15,20,75.0,0,1.3,0.9,-1.3,12,13,8,2,24,Matches,15ab5a2b
19,Daniel Amartey,gh GHA,DF,Leicester City,28-128,1994,17.9,1015,1114,91.1,17506,6591,442,473,93.4,498,526,94.7,62,91,68.1,0,0.5,0.4,-0.5,5,58,1,0,66,Matches,1a4ef233
20,Joachim Andersen,dk DEN,DF,Crystal Palace,26-332,1996,25.9,1254,1591,78.8,29554,11315,285,318,89.6,724,793,91.3,239,447,53.5,0,1.1,0.7,-1.1,10,108,7,1,75,Matches,e34fc66d
21,Elliot Anderson,sct SCO,MFFW,Newcastle Utd,20-173,2002,2.4,79,106,74.5,1144,372,43,51,84.3,28,33,84.8,3,5,60.0,0,0.7,0.9,-0.7,5,9,2,0,11,Matches,de31038e
22,Jaidon Anthony,eng ENG,MFFW,Bournemouth,23-148,1999,12.3,339,460,73.7,5083,1400,194,224,86.6,100,136,73.5,26,49,53.1,0,1.0,1.1,-1.0,11,20,18,7,45,Matches,e4238fb1
23,Michail Antonio,jm JAM,FW,West Ham,33-031,1990,16.9,159,295,53.9,2332,428,93,137,67.9,51,94,54.3,11,30,36.7,3,1.2,0.7,+1.8,14,12,6,2,24,Matches,ac05f970
24,Antony,br BRA,FW,Manchester Utd,23-063,2000,16.0,513,648,79.2,6549,1468,360,404,89.1,107,148,72.3,19,37,51.4,1,1.8,1.8,-0.8,18,22,25,1,56,Matches,99127249
25,Cameron Archer,eng ENG,FWMF,Aston Villa,21-281,2001,0.5,8,12,66.7,108,44,5,5,100.0,3,5,60.0,0,0,,0,0.0,0.0,0.0,0,2,0,0,0,Matches,05e8ca6d
26,Alphonse Areola,fr FRA,GK,West Ham,30-060,1993,3.4,67,92,72.8,1737,1323,25,25,100.0,22,22,100.0,19,43,44.2,0,0.0,0.0,0.0,0,0,0,0,0,Matches,2f965a72
27,Joe Aribo,ng NGA,MFFW,Southampton,26-281,1996,12.8,268,369,72.6,3398,898,182,235,77.4,60,81,74.1,9,12,75.0,0,0.8,0.5,-0.8,9,20,9,0,39,Matches,328f7d51
28,Adam Armstrong,eng ENG,FW,Southampton,26-077,1997,14.0,213,291,73.2,3131,573,116,140,82.9,68,86,79.1,13,22,59.1,1,0.7,0.8,+0.3,10,12,10,2,16,Matches,68c720b5
29,Stuart Armstrong,sct SCO,MFFW,Southampton,31-029,1992,12.7,445,569,78.2,6783,1922,241,280,86.1,160,192,83.3,27,47,57.4,0,1.8,2.3,-1.8,15,41,26,6,66,Matches,97333cf5
30,Kepa Arrizabalaga,es ESP,GK,Chelsea,28-207,1994,23.5,716,867,82.6,16006,9470,233,235,99.1,319,323,98.8,162,306,52.9,0,0.0,0.0,0.0,0,5,0,0,0,Matches,28d596a0
31,Pierre-Emerick Aubameyang,ga GAB,FW,Chelsea,33-314,1989,5.7,76,105,72.4,974,198,52,66,78.8,20,24,83.3,2,4,50.0,0,0.4,0.2,-0.4,4,2,2,1,3,Matches,d5dd5f1f
32,Ludwig Augustinsson,se SWE,DF,Aston Villa,29-007,1994,0.9,26,43,60.5,421,176,13,16,81.3,10,16,62.5,2,8,25.0,0,0.0,0.0,0.0,0,0,0,0,0,Matches,9fec8860
33,Serge Aurier,ci CIV,DF,Nott'ham Forest,30-125,1992,16.9,584,818,71.4,8842,3789,330,402,82.1,205,290,70.7,34,75,45.3,0,1.0,0.8,-1.0,10,36,12,6,59,Matches,5c2b4f07
34,Taiwo Awoniyi,ng NGA,FW,Nott'ham Forest,25-259,1997,11.4,113,164,68.9,1332,226,78,100,78.0,27,38,71.1,1,5,20.0,1,1.1,0.3,-0.1,9,5,2,0,10,Matches,e5478b87
35,Yasin Ayari,se SWE,MF,Brighton,19-204,2003,0.1,9,10,90.0,186,94,4,5,80.0,2,2,100.0,3,3,100.0,0,0.1,0.3,-0.1,1,3,1,0,2,Matches,f173303a
36,André Ayew,gh GHA,FWMF,Nott'ham Forest,33-132,1989,3.1,44,63,69.8,555,89,34,41,82.9,9,17,52.9,0,1,0.0,0,0.0,0.0,0.0,0,2,0,0,7,Matches,5dbefa9d
37,Jordan Ayew,gh GHA,FWMF,Crystal Palace,31-229,1991,25.2,548,726,75.5,7313,1480,342,394,86.8,168,219,76.7,15,39,38.5,2,2.6,2.2,-0.6,26,30,13,6,53,Matches,da052c14
38,Luke Ayling,eng ENG,DF,Leeds United,31-246,1991,17.8,644,924,69.7,10361,5347,360,416,86.5,216,304,71.1,54,128,42.2,1,1.6,1.9,-0.6,9,52,14,7,63,Matches,420d7c7d
39,César Azpilicueta,es ESP,DF,Chelsea,33-243,1989,12.8,674,840,80.2,10048,3464,379,412,92.0,270,333,81.1,15,63,23.8,0,1.0,1.0,-1.0,10,32,16,4,61,Matches,53cad200
40,Benoît Badiashile,fr FRA,DF,Chelsea,22-033,2001,8.1,590,658,89.7,10738,3848,225,248,90.7,317,338,93.8,44,62,71.0,0,0.5,0.2,-0.5,3,36,5,0,45,Matches,06df8256
41,Leon Bailey,jm JAM,FWMF,Aston Villa,25-262,1997,19.3,309,495,62.4,5001,1216,170,219,77.6,90,142,63.4,34,71,47.9,3,3.6,4.0,-0.6,24,18,19,14,26,Matches,3a233281
42,Stefan Bajcetic,es ESP,MF,Liverpool,18-188,2004,5.8,200,258,77.5,3227,694,98,118,83.1,74,89,83.1,18,29,62.1,0,0.4,0.5,-0.4,4,17,7,1,24,Matches,32e8417f
43,Patrick Bamford,eng ENG,FW,Leeds United,29-235,1993,13.8,198,277,71.5,2098,468,141,178,79.2,31,50,62.0,2,6,33.3,2,0.9,0.6,+1.1,10,17,8,0,20,Matches,93feac6e
44,Shandon Baptiste,gd GRN,MF,Brentford,25-020,1998,6.1,212,254,83.5,3578,1001,113,127,89.0,77,87,88.5,17,27,63.0,1,1.0,0.5,0.0,9,19,8,2,37,Matches,2886c9b5
45,Harvey Barnes,eng ENG,FWMF,Leicester City,25-140,1997,26.2,474,684,69.3,6145,1719,313,401,78.1,120,181,66.3,15,35,42.9,1,2.1,1.8,-1.1,15,33,27,4,66,Matches,3ea50f67
46,Gavin Bazunu,ie IRL,GK,Southampton,21-067,2002,32.0,718,1178,61.0,21528,16289,183,185,98.9,256,263,97.3,278,722,38.5,0,0.1,0.1,-0.1,1,42,1,0,1,Matches,c91441dc
47,Mads Bech Sørensen,dk DEN,DFMF,Brentford,24-111,1999,0.2,7,11,63.6,142,49,3,3,100.0,3,4,75.0,1,4,25.0,0,0.0,0.0,0.0,0,2,0,0,1,Matches,30db8574
48,Jan Bednarek,pl POL,DF,Southampton,27-016,1996,13.6,560,673,83.2,10415,4169,219,256,85.5,274,301,91.0,60,96,62.5,0,0.1,0.2,-0.1,3,25,0,0,32,Matches,4115ce4e
49,Jan Bednarek,pl POL,DF,Aston Villa,27-016,1996,1.1,60,66,90.9,1249,418,16,17,94.1,33,35,94.3,10,12,83.3,0,0.0,0.0,0.0,0,4,0,0,5,Matches,4115ce4e
50,Donny van de Beek,nl NED,MF,Manchester Utd,26-010,1997,1.9,46,61,75.4,502,115,31,34,91.2,8,8,100.0,1,2,50.0,0,0.1,0.1,-0.1,3,0,4,0,6,Matches,50dc94ce
51,Asmir Begović,ba BIH,GK,Everton,35-312,1987,1.0,21,30,70.0,584,423,3,3,100.0,10,10,100.0,8,17,47.1,0,0.0,0.0,0.0,0,0,0,0,0,Matches,7b4de647
52,Armel Bella Kotchap,de GER,DF,Southampton,21-138,2001,19.5,681,858,79.4,12713,3901,264,299,88.3,348,386,90.2,62,145,42.8,2,1.0,0.4,+1.0,6,31,4,0,36,Matches,a39d11bc
53,Saïd Benrahma,dz ALG,FWMF,West Ham,27-261,1995,20.4,519,684,75.9,7122,1825,324,364,89.0,153,205,74.6,22,56,39.3,3,3.9,2.8,-0.9,42,25,16,9,69,Matches,5a04fd92
54,Rodrigo Bentancur,uy URU,MF,Tottenham,25-307,1997,16.7,738,880,83.9,11482,3178,368,413,89.1,301,336,89.6,39,70,55.7,2,0.8,0.7,+1.2,11,54,9,4,76,Matches,3b8674e6
55,Victor Bernth Kristiansen,dk DEN,DF,Leicester City,20-133,2002,9.0,297,448,66.3,4730,2097,160,192,83.3,115,178,64.6,19,52,36.5,1,0.8,0.6,+0.2,6,23,4,3,26,Matches,505486d6
56,Owen Bevan,wls WAL,DF,Bournemouth,19-184,2003,0.1,2,3,66.7,38,7,1,1,100.0,1,1,100.0,0,0,,0,0.0,0.0,0.0,0,0,0,0,0,Matches,87966294
57,Giulian Biancone,fr FRA,DF,Nott'ham Forest,23-028,2000,0.2,15,21,71.4,253,126,6,7,85.7,8,10,80.0,1,3,33.3,0,0.0,0.0,0.0,0,0,0,0,0,Matches,de40e38c
58,Philip Billing,dk DEN,MFFW,Bournemouth,26-321,1996,27.5,716,931,76.9,10431,2831,404,478,84.5,229,284,80.6,39,82,47.6,1,3.0,2.1,-2.0,22,43,8,3,73,Matches,d328a254
59,Yves Bissouma,ml MLI,MF,Tottenham,26-241,1996,9.0,514,571,90.0,7843,1774,266,281,94.7,208,225,92.4,25,33,75.8,0,0.5,0.3,-0.5,8,40,4,1,45,Matches,6c203af0
60,Willy Boly,ci CIV,DF,Nott'ham Forest,32-084,1991,6.6,181,240,75.4,3444,1571,59,72,81.9,100,118,84.7,18,42,42.9,1,0.2,0.3,+0.8,1,7,0,0,10,Matches,a4ac4b8f
61,Sven Botman,nl NED,DF,Newcastle Utd,23-106,2000,28.7,1244,1451,85.7,25249,9240,388,440,88.2,691,758,91.2,151,222,68.0,0,1.0,1.0,-1.0,8,50,2,0,72,Matches,ccce7025
62,Jarrod Bowen,eng ENG,FWMF,West Ham,26-129,1996,31.7,483,779,62.0,7708,2279,274,339,80.8,147,198,74.2,48,149,32.2,4,6.3,5.1,-2.3,42,34,22,8,63,Matches,79c84d1c
63,James Bree,eng ENG,DF,Southampton,25-199,1997,2.2,85,122,69.7,1275,472,52,67,77.6,21,31,67.7,8,15,53.3,0,0.2,0.2,-0.2,4,4,5,4,3,Matches,c07b7c5c
64,Armando Broja,al ALB,FW,Chelsea,21-230,2001,3.3,33,53,62.3,466,54,21,33,63.6,9,15,60.0,2,3,66.7,0,0.1,0.1,-0.1,1,1,1,0,4,Matches,97220da2
65,David Brooks,wls WAL,DFFW,Bournemouth,25-294,1997,0.3,2,2,100.0,29,6,1,1,100.0,1,1,100.0,0,0,,0,0.0,0.0,0.0,0,0,0,0,0,Matches,dc4cae05
66,Lewis Brunt,eng ENG,DF,Leicester City,22-173,2000,0.3,17,21,81.0,283,57,7,8,87.5,10,11,90.9,0,1,0.0,0,0.0,0.0,0.0,0,0,0,0,0,Matches,a2081c6b
67,Bryan,es ESP,MFFW,Tottenham,22-076,2001,1.6,47,60,78.3,638,92,26,32,81.3,14,16,87.5,2,4,50.0,1,0.2,0.1,+0.8,2,3,2,0,5,Matches,7b5ab7f2
68,Emi Buendía,ar ARG,MFFW,Aston Villa,26-124,1996,23.8,723,925,78.2,11198,2881,396,466,85.0,236,297,79.5,59,82,72.0,2,5.2,3.9,-3.2,37,78,36,0,126,Matches,66b76d44
69,Hugo Bueno,es ESP,DF,Wolves,20-222,2002,12.7,482,600,80.3,6687,1995,307,334,91.9,144,183,78.7,17,44,38.6,1,0.9,0.8,+0.1,13,23,10,6,34,Matches,bfc3b3a0
70,Facundo Buonanotte,ar ARG,MFFW,Brighton,18-126,2004,1.6,43,56,76.8,524,53,33,36,91.7,6,10,60.0,2,4,50.0,1,0.5,0.1,+0.5,5,2,1,0,2,Matches,468a7a91
71,Dan Burn,eng ENG,DF,Newcastle Utd,30-354,1992,29.5,1121,1423,78.8,18337,7136,554,628,88.2,470,575,81.7,75,153,49.0,0,1.2,1.2,-1.2,13,76,8,1,89,Matches,b2d31e83
72,Cafú,pt POR,MF,Nott'ham Forest,30-061,1993,0.1,2,2,100.0,45,41,0,0,,2,2,100.0,0,0,,0,0.0,0.0,0.0,0,1,0,0,1,Matches,85322440
73,Moisés Caicedo,ec ECU,MF,Brighton,21-177,2001,28.1,1597,1801,88.7,24306,6414,891,964,92.4,542,598,90.6,108,137,78.8,1,2.3,2.1,-1.3,34,143,30,5,172,Matches,16264a81
74,Tom Cairney,sct SCO,MF,Fulham,32-098,1991,6.4,429,502,85.5,6862,1618,219,238,92.0,148,172,86.0,40,58,69.0,0,1.2,1.2,-1.2,10,52,12,5,66,Matches,a8748947
75,Duje Ćaleta-Car,hr CRO,DF,Southampton,26-223,1996,10.5,477,566,84.3,9352,3498,154,173,89.0,266,287,92.7,53,93,57.0,0,0.0,0.1,0.0,1,26,0,0,33,Matches,94f8d10c
76,Dominic Calvert-Lewin,eng ENG,FW,Everton,26-043,1997,10.0,104,167,62.3,1241,203,62,93,66.7,26,42,61.9,3,5,60.0,0,0.3,0.2,-0.3,5,9,1,0,11,Matches,59e6e5bf
77,Chem Campbell,wls WAL,FWMF,Wolves,20-119,2002,0.8,23,32,71.9,344,64,10,11,90.9,13,14,92.9,0,5,0.0,0,0.0,0.0,0.0,0,2,0,0,4,Matches,6f711f67
78,João Cancelo,pt POR,DF,Manchester City,28-336,1994,14.2,1036,1220,84.9,16674,4147,578,621,93.1,363,430,84.4,81,123,65.9,1,0.9,1.5,+0.1,12,80,36,9,106,Matches,bd6351cd
79,Thomas Cannon,ie IRL,FW,Everton,20-121,2002,0.3,4,5,80.0,37,0,3,4,75.0,1,1,100.0,0,0,,0,0.5,0.0,-0.5,1,0,0,0,0,Matches,4506aec5
80,Sergi Canós,es ESP,FWDF,Brentford,26-085,1997,0.9,23,43,53.5,268,76,14,18,77.8,4,15,26.7,1,2,50.0,0,0.0,0.0,0.0,1,2,1,0,2,Matches,1137759d
81,Diego Carlos,br BRA,DF,Aston Villa,30-044,1993,2.0,101,128,78.9,2087,802,30,36,83.3,57,66,86.4,14,24,58.3,0,0.0,0.0,0.0,0,8,0,0,10,Matches,b4a014b1
82,Fabio Carvalho,pt POR,MFFW,Liverpool,20-241,2002,3.8,114,139,82.0,1526,270,70,81,86.4,30,37,81.1,5,6,83.3,0,0.1,0.2,-0.1,1,7,2,0,11,Matches,966e28d0
83,Casemiro,br BRA,MF,Manchester Utd,31-064,1992,16.9,789,1024,77.1,14158,4866,355,428,82.9,321,391,82.1,95,155,61.3,3,2.3,3.0,+0.7,19,93,18,4,101,Matches,4d224fe8
84,Matty Cash,pl POL,DF,Aston Villa,25-264,1997,18.2,733,939,78.1,12836,4308,327,364,89.8,339,411,82.5,57,125,45.6,1,0.7,0.9,+0.3,8,55,15,9,74,Matches,2389cdc2
85,Timothy Castagne,be BEL,DF,Leicester City,27-144,1995,31.2,1324,1646,80.4,19013,7513,813,910,89.3,416,519,80.2,55,110,50.0,3,2.5,2.1,+0.5,21,82,18,9,99,Matches,197640fd
86,Jonny Castro,es ESP,DF,Wolves,29-056,1994,14.0,701,832,84.3,11101,3638,382,419,91.2,264,305,86.6,44,62,71.0,0,1.0,0.8,-1.0,5,60,10,2,70,Matches,e28868f3
87,Julio César Enciso,py PAR,FWMF,Brighton,19-095,2004,3.7,86,114,75.4,1035,231,62,76,81.6,22,28,78.6,0,4,0.0,0,0.3,0.6,-0.3,5,9,3,0,13,Matches,9cfbad36
88,Nathaniel Chalobah,eng ENG,MF,Fulham,28-137,1994,0.1,4,5,80.0,67,9,2,2,100.0,2,2,100.0,0,0,,0,0.0,0.0,0.0,0,1,0,0,0,Matches,422862ea
89,Trevoh Chalobah,eng ENG,DF,Chelsea,23-297,1999,13.3,746,844,88.4,13449,3890,289,322,89.8,398,429,92.8,53,73,72.6,0,0.2,0.3,-0.2,2,42,2,1,45,Matches,5515376c
90,Calum Chambers,eng ENG,DFMF,Aston Villa,28-098,1995,3.6,144,188,76.6,2740,1183,58,67,86.6,72,86,83.7,14,30,46.7,0,0.3,0.2,-0.3,2,7,2,1,15,Matches,dc6f5bdd
91,Ben Chilwell,eng ENG,DFMF,Chelsea,26-128,1996,13.8,700,894,78.3,9977,2975,437,470,93.0,198,253,78.3,39,112,34.8,2,2.2,2.2,-0.2,21,40,8,5,38,Matches,d2424d1b
92,Ryan Christie,sct SCO,MFFW,Bournemouth,28-065,1995,16.4,415,520,79.8,6681,1586,218,259,84.2,144,161,89.4,37,66,56.1,0,1.5,1.3,-1.5,23,37,17,2,61,Matches,26ce2263
93,Carney Chukwuemeka,eng ENG,MFFW,Chelsea,19-190,2003,2.6,98,117,83.8,1240,297,70,82,85.4,15,19,78.9,5,5,100.0,0,0.1,0.1,-0.1,3,6,4,2,12,Matches,b2f9c73e
94,Bobby Clark,eng ENG,MF,Liverpool,18-080,2005,0.1,1,1,100.0,29,17,0,0,,1,1,100.0,0,0,,0,0.0,0.1,0.0,0,0,1,0,1,Matches,73341ace
95,Nathaniel Clyne,eng ENG,DF,Crystal Palace,32-023,1991,18.2,654,832,78.6,10205,3887,341,386,88.3,283,346,81.8,24,73,32.9,0,0.7,0.6,-0.7,7,51,6,5,52,Matches,0442183b
96,Conor Coady,eng ENG,DF,Everton,30-062,1993,21.9,972,1149,84.6,20673,7966,268,286,93.7,548,588,93.2,148,257,57.6,1,0.3,0.5,+0.7,4,71,3,1,40,Matches,2928dca2
97,Jack Colback,eng ENG,MF,Nott'ham Forest,33-186,1989,5.5,119,143,83.2,1936,446,61,71,85.9,48,55,87.3,8,11,72.7,0,0.2,0.2,-0.2,2,12,3,1,16,Matches,963a9201
98,Séamus Coleman,ie IRL,DF,Everton,34-199,1988,17.9,567,748,75.8,9151,3633,291,335,86.9,223,281,79.4,41,94,43.6,0,0.6,0.6,-0.6,3,34,15,6,55,Matches,0420d84f
99,Nathan Collins,ie IRL,DF,Wolves,21-363,2001,17.6,895,1011,88.5,18112,6244,263,289,91.0,507,540,93.9,108,156,69.2,0,0.1,0.2,-0.1,2,65,2,0,60,Matches,a8c19eb8
100,Levi Colwill,eng ENG,DF,Brighton,20-061,2003,8.9,691,774,89.3,12063,4872,283,308,91.9,348,379,91.8,50,65,76.9,0,0.1,0.2,-0.1,2,51,3,0,47,Matches,700783e7
101,Lewis Cook,eng ENG,MF,Bournemouth,26-084,1997,17.4,532,678,78.5,8930,2776,257,294,87.4,214,248,86.3,46,85,54.1,2,2.3,2.0,-0.3,23,53,11,8,58,Matches,2afc7272
102,Steve Cook,eng ENG,DF,Nott'ham Forest,32-009,1991,10.6,369,459,80.4,7884,2511,80,99,80.8,234,261,89.7,51,91,56.0,0,0.6,0.6,-0.6,3,18,2,1,19,Matches,3e5e4e63
103,Liam Cooper,sct SCO,DF,Leeds United,31-241,1991,14.5,550,704,78.1,10175,4104,216,246,87.8,280,334,83.8,46,105,43.8,0,0.7,0.3,-0.7,5,40,1,1,37,Matches,dc64b8b3
104,Maxwel Cornet,ci CIV,FW,West Ham,26-213,1996,1.8,41,58,70.7,564,108,25,31,80.6,13,17,76.5,1,1,100.0,0,0.1,0.1,-0.1,1,2,1,1,4,Matches,beb391dd
105,Diego Costa,es ESP,FW,Wolves,34-203,1988,11.3,123,175,70.3,1401,252,72,93,77.4,34,42,81.0,1,3,33.3,0,0.5,0.6,-0.5,9,7,4,0,12,Matches,a190d597
106,Vladimír Coufal,cz CZE,DF,West Ham,30-249,1992,20.1,607,986,61.6,10625,5438,289,348,83.0,232,371,62.5,68,186,36.6,1,1.9,1.5,-0.9,20,60,16,11,77,Matches,fdf3cb77
107,Philippe Coutinho,br BRA,MFFW,Aston Villa,30-320,1992,8.8,288,384,75.0,4081,976,180,210,85.7,82,112,73.2,17,36,47.2,0,0.5,0.8,-0.5,8,30,8,2,48,Matches,0ef89a37
108,Conor Coventry,ie IRL,MFFW,West Ham,23-034,2000,0.0,0,0,,0,0,0,0,,0,0,,0,0,,0,0.0,0.0,0.0,0,0,0,0,0,Matches,a5ca9127
109,Aaron Cresswell,eng ENG,DF,West Ham,33-134,1989,21.6,989,1270,77.9,16229,7779,545,582,93.6,337,433,77.8,94,188,50.0,1,3.6,2.8,-2.6,39,80,27,14,134,Matches,4f974391
110,Marc Cucurella,es ESP,DF,Chelsea,24-280,1998,18.6,1090,1293,84.3,16587,5116,600,647,92.7,396,453,87.4,59,110,53.6,2,0.6,0.9,+1.4,11,77,12,6,73,Matches,1daec722
111,Matheus Cunha,br BRA,FW,Wolves,23-336,1999,9.3,151,203,74.4,1842,309,95,115,82.6,32,45,71.1,7,14,50.0,0,0.5,0.2,-0.5,6,5,2,0,13,Matches,dc62b55d
112,Patson Daka,zm ZAM,FW,Leicester City,24-201,1998,12.0,164,252,65.1,2094,410,99,134,73.9,49,74,66.2,3,7,42.9,3,2.6,1.3,+0.4,15,7,8,1,17,Matches,ca45605e
113,Diogo Dalot,pt POR,DF,Manchester Utd,24-041,1999,20.9,998,1270,78.6,18126,5595,408,460,88.7,478,567,84.3,97,181,53.6,2,1.9,1.5,+0.1,29,77,28,13,87,Matches,d9565625
114,Mikkel Damsgaard,dk DEN,MFFW,Brentford,22-299,2000,8.1,205,302,67.9,2970,1041,116,140,82.9,66,98,67.3,13,32,40.6,0,1.0,1.0,-1.0,10,31,8,1,33,Matches,215f3907
115,Danilo,br BRA,MF,Nott'ham Forest,21-364,2001,7.1,114,168,67.9,2004,760,56,69,81.2,44,56,78.6,13,27,48.1,1,0.5,0.3,+0.5,6,19,6,0,30,Matches,a816dbfb
116,Arnaut Danjuma,nl NED,FWMF,Tottenham,26-087,1997,1.0,15,28,53.6,217,40,10,15,66.7,3,5,60.0,2,2,100.0,0,0.0,0.0,0.0,1,0,2,2,0,Matches,f08490a6
117,Josh Dasilva,eng ENG,MF,Brentford,24-187,1998,14.5,447,561,79.7,7461,1779,224,257,87.2,177,203,87.2,37,64,57.8,2,1.4,1.5,+0.6,11,31,23,5,56,Matches,60344e4f
118,Ben Davies,wls WAL,DF,Tottenham,30-004,1993,20.5,884,1072,82.5,14680,5034,428,475,90.1,374,430,87.0,60,112,53.6,2,2.3,1.3,-0.3,17,66,6,3,97,Matches,44781702
119,Tom Davies,eng ENG,MF,Everton,24-302,1998,6.0,173,234,73.9,2879,850,87,111,78.4,64,76,84.2,16,29,55.2,0,0.2,0.3,-0.2,2,25,2,0,30,Matches,9228b07c
120,Craig Dawson,eng ENG,DF,West Ham,32-357,1990,8.0,245,310,79.0,5404,2170,74,86,86.0,121,137,88.3,48,79,60.8,0,0.1,0.1,-0.1,1,25,0,0,18,Matches,3e9e06cb
121,Craig Dawson,eng ENG,DF,Wolves,32-357,1990,12.2,623,742,84.0,12927,4391,178,198,89.9,344,374,92.0,94,151,62.3,0,0.0,0.1,0.0,1,44,1,0,37,Matches,3e9e06cb
122,Kevin De Bruyne,be BEL,MF,Manchester City,31-304,1991,25.1,1073,1481,72.5,20013,6020,483,573,84.3,431,573,75.2,144,254,56.7,16,13.3,13.4,+2.7,90,115,88,19,226,Matches,e46012d4
123,Siriki Dembélé,ci CIV,FWMF,Bournemouth,26-233,1996,1.2,37,47,78.7,543,223,22,29,75.9,10,13,76.9,2,2,100.0,0,0.3,0.2,-0.3,4,2,3,2,4,Matches,11f54bd5
124,Leander Dendoncker,be BEL,MF,Aston Villa,28-013,1995,7.0,228,258,88.4,3559,673,111,120,92.5,101,110,91.8,9,14,64.3,0,0.5,0.1,-0.5,5,14,0,0,15,Matches,5a7301ae
125,Leander Dendoncker,be BEL,MF,Wolves,28-013,1995,2.4,86,99,86.9,1466,282,45,50,90.0,32,32,100.0,8,8,100.0,0,0.0,0.0,0.0,2,4,1,1,6,Matches,5a7301ae
126,Emmanuel Dennis,ng NGA,FWMF,Nott'ham Forest,25-164,1997,7.8,120,177,67.8,1798,372,71,90,78.9,37,55,67.3,8,11,72.7,2,0.6,0.4,+1.4,7,7,4,2,16,Matches,2c44a35d
127,Halil Dervişoğlu,tr TUR,MF,Brentford,23-141,1999,0.1,0,0,,0,0,0,0,,0,0,,0,0,,0,0.0,0.0,0.0,0,0,0,0,0,Matches,9d8cf204
128,Kiernan Dewsbury-Hall,eng ENG,MF,Leicester City,24-234,1998,24.7,827,1102,75.0,13877,3614,420,495,84.8,300,377,79.6,81,156,51.9,2,3.1,2.5,-1.1,38,108,22,4,125,Matches,5c74c0f5
129,Ibrahima Diallo,fr FRA,MF,Southampton,24-051,1999,9.1,317,402,78.9,4768,1064,181,206,87.9,112,139,80.6,16,34,47.1,0,0.1,0.1,-0.1,4,24,2,0,28,Matches,11ff3d56
130,Rúben Dias,pt POR,DF,Manchester City,25-349,1997,19.2,1621,1757,92.3,29896,10530,579,607,95.4,911,955,95.4,117,168,69.6,0,0.6,0.3,-0.6,3,113,0,0,83,Matches,31c69ef1
131,Luis Díaz,co COL,FW,Liverpool,26-105,1997,7.4,241,297,81.1,3637,734,142,169,84.0,79,93,84.9,14,16,87.5,2,1.1,0.9,+0.9,7,19,6,1,33,Matches,4a1a9578
132,Eric Dier,eng ENG,DF,Tottenham,29-103,1994,30.3,1672,1950,85.7,31986,12479,618,667,92.7,849,913,93.0,178,309,57.6,1,1.2,0.6,-0.2,7,76,8,3,85,Matches,ac861941
133,Lucas Digne,fr FRA,DF,Aston Villa,29-282,1993,14.9,645,847,76.2,10165,3854,361,403,89.6,229,308,74.4,44,92,47.8,0,1.8,1.7,-1.8,17,35,22,14,51,Matches,1b84dbe1
134,Issa Diop,fr FRA,DF,Fulham,26-109,1997,16.7,887,1043,85.0,18006,5726,258,291,88.7,531,577,92.0,95,163,58.3,0,0.0,0.2,0.0,1,57,3,0,57,Matches,a712ca2b
135,Moussa Djenepo,ml MLI,DFFW,Southampton,24-317,1998,7.0,165,225,73.3,2413,715,96,110,87.3,55,77,71.4,8,19,42.1,2,0.5,0.4,+1.5,8,12,5,3,17,Matches,254147d4
136,Ben Doak,sct SCO,FW,Liverpool,17-168,2005,0.3,10,14,71.4,86,17,9,10,90.0,0,1,0.0,0,1,0.0,0,0.0,0.0,0.0,0,0,0,0,1,Matches,733f1a7d
137,Matt Doherty,ie IRL,DFMF,Tottenham,31-102,1992,7.4,329,408,80.6,4896,1222,190,204,93.1,107,137,78.1,18,35,51.4,0,0.3,0.3,-0.3,6,14,5,3,20,Matches,d557d734
138,Gabriel Dos Santos,br BRA,DF,Arsenal,25-130,1997,32.9,1895,2120,89.4,33923,12067,754,801,94.1,986,1046,94.3,134,220,60.9,0,0.2,0.6,-0.2,4,153,3,0,143,Matches,67ac5bb8
139,Abdoulaye Doucouré,ml MLI,MF,Everton,30-117,1993,12.0,340,431,78.9,4506,1084,202,244,82.8,116,137,84.7,5,10,50.0,2,1.5,1.0,+0.5,15,25,9,0,34,Matches,02b29014
140,Cheick Doucouré,ml MLI,MF,Crystal Palace,23-110,2000,26.1,855,1036,82.5,14342,4598,403,450,89.6,367,430,85.3,66,93,71.0,3,1.8,1.0,+1.2,23,93,10,1,117,Matches,ce4f40c7
141,Flynn Downes,eng ENG,MF,West Ham,24-098,1999,5.5,158,192,82.3,2139,424,106,114,93.0,40,50,80.0,6,9,66.7,0,0.0,0.1,0.0,1,11,1,0,13,Matches,69fdb896
142,Cody Drameh,eng ENG,DF,Leeds United,21-141,2001,0.8,30,38,78.9,457,153,17,21,81.0,11,12,91.7,2,5,40.0,0,0.0,0.0,0.0,0,2,0,0,2,Matches,e0d1510a
143,Martin Dúbravka,sk SVK,GK,Newcastle Utd,34-103,1989,0.7,19,22,86.4,418,293,9,9,100.0,4,4,100.0,5,8,62.5,0,0.0,0.0,0.0,0,1,0,0,0,Matches,3a949a25
144,Shane Duffy,ie IRL,FWDF,Fulham,31-117,1992,0.1,2,4,50.0,20,9,2,2,100.0,0,0,,0,1,0.0,0,0.0,0.0,0.0,0,0,0,0,0,Matches,7314bba4
145,Lewis Dunk,eng ENG,DF,Brighton,31-158,1991,30.0,2378,2638,90.1,45299,16820,849,900,94.3,1249,1312,95.2,245,369,66.4,0,0.7,0.7,-0.7,8,151,8,1,125,Matches,282f75f3
146,Jhon Durán,co COL,FW,Aston Villa,19-136,2003,0.9,12,22,54.5,216,25,5,7,71.4,6,10,60.0,1,2,50.0,0,0.0,0.0,0.0,0,0,1,0,3,Matches,414184f7
147,Malcolm Ebiowei,eng ENG,MFFW,Crystal Palace,19-236,2003,0.4,5,10,50.0,98,16,2,4,50.0,2,2,100.0,1,2,50.0,0,0.0,0.0,0.0,0,0,0,0,2,Matches,fa9fa773
148,Ederson,br BRA,GK,Manchester City,29-254,1993,31.0,959,1114,86.1,23391,15256,210,212,99.1,501,508,98.6,247,391,63.2,1,0.2,0.2,+0.8,1,11,0,0,0,Matches,3bb7b8b4
149,Odsonne Édouard,fr FRA,FW,Crystal Palace,25-102,1998,17.8,263,368,71.5,2987,492,188,234,80.3,50,80,62.5,5,10,50.0,2,1.1,0.7,+0.9,15,9,9,0,32,Matches,0562b7f1
150,Samuel Edozie,eng ENG,FWMF,Southampton,20-090,2003,6.1,106,156,67.9,1257,337,72,90,80.0,21,33,63.6,4,9,44.4,0,0.3,0.4,-0.3,6,5,6,1,12,Matches,007414dd
151,Anthony Elanga,se SWE,FW,Manchester Utd,21-001,2002,4.7,95,130,73.1,1201,298,65,86,75.6,23,32,71.9,3,3,100.0,1,0.9,1.0,+0.1,6,3,3,0,8,Matches,2fba6108
152,Harvey Elliott,eng ENG,MFFW,Liverpool,20-024,2003,16.6,733,918,79.8,11045,2790,409,458,89.3,261,324,80.6,39,74,52.7,2,3.2,4.0,-1.2,21,61,36,6,116,Matches,c8387671
153,Mohamed Elneny,eg EGY,MF,Arsenal,30-291,1992,1.3,57,60,95.0,1031,224,23,23,100.0,27,29,93.1,6,6,100.0,0,0.0,0.0,0.0,0,3,2,0,2,Matches,47a34c4f
154,Mohamed Elyounoussi,no NOR,MFFW,Southampton,28-267,1994,22.2,399,593,67.3,5608,1556,253,323,78.3,104,159,65.4,26,52,50.0,1,2.1,1.5,-1.1,18,29,18,6,47,Matches,68dc0dac
155,Emerson,br BRA,DF,Tottenham,24-104,1999,15.5,662,832,79.6,10353,2999,351,392,89.5,248,292,84.9,40,74,54.1,1,0.6,1.0,+0.4,9,43,16,3,70,Matches,df8b52a5
156,Christian Eriksen,dk DEN,MF,Manchester Utd,31-073,1992,18.2,942,1180,79.8,15646,4734,483,544,88.8,342,405,84.4,86,165,52.1,7,3.8,2.8,+3.2,30,115,23,4,132,Matches,980522ec
157,Pervis Estupiñán,ec ECU,DF,Brighton,25-097,1998,22.2,1226,1489,82.3,17713,5580,726,801,90.6,419,505,83.0,47,83,56.6,3,3.6,2.7,-0.6,36,75,33,13,123,Matches,d38fdf53
158,Jonny Evans,nir NIR,DF,Leicester City,35-115,1988,9.0,603,675,89.3,12088,4606,172,186,92.5,361,381,94.8,64,91,70.3,0,0.0,0.1,0.0,1,40,1,0,31,Matches,f8fcd2a5
159,Eberechi Eze,eng ENG,MFFW,Crystal Palace,24-303,1998,24.3,746,958,77.9,11507,3269,430,495,86.9,233,284,82.0,58,124,46.8,3,3.6,2.6,-0.6,48,73,29,2,106,Matches,ae4fc6a4
160,Łukasz Fabiański,pl POL,GK,West Ham,38-010,1985,28.6,475,757,62.7,15165,12062,93,93,100.0,175,177,98.9,205,482,42.5,0,0.0,0.0,0.0,0,10,0,0,0,Matches,9328b835
161,Fabinho,br BRA,MF,Liverpool,29-187,1993,24.2,1288,1469,87.7,20787,4801,654,710,92.1,491,533,92.1,100,147,68.0,1,1.8,1.3,-0.8,13,93,11,0,123,Matches,7f3b388c
162,Wout Faes,be BEL,DF,Leicester City,25-025,1998,26.0,1409,1641,85.9,26223,9135,511,566,90.3,779,848,91.9,107,195,54.9,1,0.5,0.5,+0.5,8,65,5,0,67,Matches,9c221d14
163,Felipe,br BRA,DF,Nott'ham Forest,33-347,1989,11.9,349,478,73.0,6828,2730,130,155,83.9,173,208,83.2,41,91,45.1,1,0.5,0.8,+0.5,5,12,1,0,16,Matches,51a3c4c8
164,João Félix,pt POR,FWMF,Chelsea,23-169,1999,8.9,231,303,76.2,3474,1002,143,164,87.2,62,85,72.9,19,35,54.3,0,0.5,0.9,-0.5,7,27,14,1,41,Matches,8aafd64f
165,Evan Ferguson,ie IRL,FW,Brighton,18-191,2004,6.7,126,156,80.8,1680,226,88,104,84.6,33,38,86.8,4,6,66.7,2,0.4,0.4,+1.6,5,2,5,0,8,Matches,4596da74
166,Bruno Fernandes,pt POR,MFFW,Manchester Utd,28-232,1994,30.0,1238,1674,74.0,21119,7268,638,748,85.3,400,509,78.6,155,277,56.0,7,13.0,8.3,-6.0,91,119,67,8,208,Matches,507c7bdf
167,Enzo Fernández,ar ARG,MF,Chelsea,22-101,2001,11.4,846,964,87.8,16042,4656,345,378,91.3,357,397,89.9,126,154,81.8,2,1.5,1.5,+0.5,13,112,12,0,112,Matches,5ff4ab71
168,Roberto Firmino,br BRA,FWMF,Liverpool,31-208,1991,12.6,426,540,78.9,5731,1847,263,307,85.7,119,148,80.4,18,26,69.2,4,2.3,1.9,+1.7,20,45,18,1,76,Matches,4c370d81
169,Junior Firpo,es ESP,DF,Leeds United,26-249,1996,12.9,414,555,74.6,6468,2866,212,252,84.1,180,226,79.6,17,46,37.0,1,0.8,0.7,+0.2,8,35,7,3,48,Matches,24f59bb2
170,Phil Foden,eng ENG,FW,Manchester City,22-335,2000,15.7,680,850,80.0,10411,1870,389,431,90.3,220,261,84.3,43,89,48.3,6,3.3,3.5,+2.7,34,28,26,8,63,Matches,ed1e53f3
171,Datro Fofana,ci CIV,FW,Chelsea,20-127,2002,0.7,4,6,66.7,53,28,2,3,66.7,2,2,100.0,0,0,,0,0.1,0.1,-0.1,2,0,1,0,1,Matches,e82900ef
172,Wesley Fofana,fr FRA,DF,Leicester City,22-132,2000,2.0,117,140,83.6,1995,559,44,44,100.0,64,74,86.5,6,13,46.2,0,0.0,0.0,0.0,0,16,0,0,6,Matches,132a82f1
173,Wesley Fofana,fr FRA,DF,Chelsea,22-132,2000,9.7,570,642,88.8,9255,2306,268,285,94.0,276,302,91.4,17,37,45.9,0,0.0,0.3,0.0,1,43,2,0,36,Matches,132a82f1
174,Pablo Fornals,es ESP,FWMF,West Ham,27-065,1996,12.5,420,585,71.8,7177,2094,201,232,86.6,152,202,75.2,50,100,50.0,1,1.5,1.8,-0.5,14,45,8,4,58,Matches,82927de4
175,Adam Forshaw,eng ENG,MF,Leeds United,31-202,1991,2.0,63,75,84.0,897,345,40,42,95.2,10,12,83.3,7,14,50.0,0,0.5,0.2,-0.5,2,8,0,0,9,Matches,9f1938ab
176,Fraser Forster,eng ENG,GK,Tottenham,35-042,1988,8.5,169,210,80.5,3859,2436,49,49,100.0,85,85,100.0,34,73,46.6,0,0.0,0.0,0.0,0,1,0,0,0,Matches,c3e39f12
177,Tyrese Francois,au AUS,FW,Fulham,22-286,2000,0.0,2,2,100.0,12,2,1,1,100.0,0,0,,0,0,,0,0.0,0.0,0.0,0,1,0,0,0,Matches,6722d4f0
178,Ryan Fraser,sct SCO,FW,Newcastle Utd,29-063,1994,3.5,85,122,69.7,1228,289,50,59,84.7,28,41,68.3,3,8,37.5,0,0.4,0.3,-0.4,5,4,4,1,9,Matches,d56543a0
179,Fred,br BRA,MF,Manchester Utd,30-054,1993,11.7,525,670,78.4,8081,2257,287,334,85.9,168,201,83.6,43,70,61.4,1,2.0,1.1,-1.0,22,49,8,2,61,Matches,b853e0ad
180,Ryan Fredericks,eng ENG,DF,Bournemouth,30-200,1992,5.9,149,220,67.7,2139,735,85,96,88.5,55,88,62.5,4,15,26.7,0,0.1,0.3,-0.1,1,5,6,1,15,Matches,c067631c
181,Remo Freuler,ch SUI,MF,Nott'ham Forest,31-013,1992,24.0,664,836,79.4,9828,3216,371,429,86.5,238,285,83.5,30,66,45.5,0,0.8,0.7,-0.8,12,47,6,3,54,Matches,98d2c2c4
182,Cody Gakpo,nl NED,FW,Liverpool,23-356,1999,11.7,207,283,73.1,2710,725,121,153,79.1,62,84,73.8,7,14,50.0,1,1.3,0.8,-0.3,15,23,7,1,32,Matches,1971591f
183,Conor Gallagher,eng ENG,MFFW,Chelsea,23-081,2000,13.4,529,667,79.3,7989,1957,292,332,88.0,188,224,83.9,26,51,51.0,1,2.2,1.5,-1.2,20,54,15,5,79,Matches,c2731c10
184,Idrissa Gana Gueye,sn SEN,MF,Everton,33-214,1989,24.2,902,1074,84.0,14521,3780,455,502,90.6,377,423,89.1,52,96,54.2,1,1.1,0.8,-0.1,11,96,5,0,84,Matches,72c812f3
185,Alejandro Garnacho,es ESP,FWMF,Manchester Utd,18-301,2004,5.0,115,143,80.4,1327,143,87,102,85.3,20,21,95.2,2,2,100.0,2,1.0,0.9,+1.0,2,1,1,0,5,Matches,7aa8adfe
186,James Garner,eng ENG,MF,Everton,22-046,2001,4.1,123,167,73.7,1913,503,61,70,87.1,58,69,84.1,2,20,10.0,1,0.1,0.2,+0.9,2,11,1,1,15,Matches,4e015693
187,David de Gea,es ESP,GK,Manchester Utd,32-172,1990,31.0,717,999,71.8,18637,13329,172,172,100.0,325,330,98.5,215,486,44.2,0,0.1,0.2,-0.1,1,6,1,0,0,Matches,7ba6d84e
188,Joe Gelhardt,eng ENG,FW,Leeds United,20-359,2002,2.4,43,67,64.2,518,118,23,30,76.7,11,17,64.7,2,2,100.0,2,0.5,0.4,+1.5,2,3,1,0,6,Matches,01962d0d
189,Saman Ghoddos,ir IRN,MFDF,Brentford,29-234,1993,1.3,48,66,72.7,773,265,27,30,90.0,16,20,80.0,5,15,33.3,0,0.3,0.3,-0.3,2,3,1,0,6,Matches,f7b1d4e0
190,Morgan Gibbs-White,eng ENG,FWMF,Wolves,23-091,2000,2.0,75,95,78.9,1122,345,47,58,81.0,17,21,81.0,7,9,77.8,0,0.1,0.2,-0.1,1,10,1,0,12,Matches,32f60ed8
191,Morgan Gibbs-White,eng ENG,MFFW,Nott'ham Forest,23-091,2000,28.0,583,948,61.5,9403,3435,309,410,75.4,179,256,69.9,69,196,35.2,6,7.3,5.7,-1.3,59,65,36,5,120,Matches,32f60ed8
192,Billy Gilmour,sct SCO,MF,Brighton,21-321,2001,1.8,142,154,92.2,2460,520,63,67,94.0,64,67,95.5,13,16,81.3,0,0.1,0.4,-0.1,1,10,4,0,17,Matches,df10e27c
193,Degnand Gnonto,it ITA,FWMF,Leeds United,19-174,2003,12.4,303,427,71.0,3908,1073,188,224,83.9,85,113,75.2,8,16,50.0,3,1.5,1.8,+1.5,18,12,15,3,30,Matches,75fdd638
194,Ben Godfrey,eng ENG,DF,Everton,25-103,1998,8.9,182,281,64.8,3066,1257,91,112,81.3,72,109,66.1,16,42,38.1,1,0.2,0.1,+0.8,3,24,1,1,18,Matches,9f7c837d
195,João Gomes,br BRA,MFFW,Wolves,22-075,2001,4.8,170,223,76.2,2472,564,99,115,86.1,57,79,72.2,8,16,50.0,0,0.1,0.1,-0.1,4,10,0,0,13,Matches,8b57ad2c
196,Toti Gomes,pt POR,DF,Wolves,24-102,1999,7.5,319,389,82.0,5447,1954,146,171,85.4,148,165,89.7,21,44,47.7,0,0.2,0.2,-0.2,3,20,6,2,21,Matches,f0caab96
197,Joe Gomez,eng ENG,DF,Liverpool,25-340,1997,15.3,1086,1275,85.2,21777,7062,311,352,88.4,640,697,91.8,118,187,63.1,0,0.2,0.7,-0.2,1,116,4,0,103,Matches,7a11550b
198,Sergio Gómez,es ESP,DFMF,Manchester City,22-236,2000,1.9,133,153,86.9,1991,557,71,77,92.2,49,54,90.7,7,10,70.0,1,0.4,0.2,+0.6,2,13,2,0,10,Matches,01e5f06e
199,Anthony Gordon,eng ENG,FWMF,Newcastle Utd,22-063,2001,3.8,117,139,84.2,1579,427,78,83,94.0,31,35,88.6,4,9,44.4,0,0.8,0.6,-0.8,5,11,3,0,13,Matches,2bd83368
200,Anthony Gordon,eng ENG,FW,Everton,22-063,2001,12.2,193,280,68.9,2905,625,110,135,81.5,66,89,74.2,11,27,40.7,0,0.6,0.5,-0.6,8,8,11,2,19,Matches,2bd83368
201,Demarai Gray,eng ENG,FWMF,Everton,26-304,1996,26.2,549,795,69.1,9298,2061,272,307,88.6,187,247,75.7,66,168,39.3,1,3.7,3.7,-2.7,35,30,17,6,45,Matches,4468ec10
202,Jack Grealish,eng ENG,FW,Manchester City,27-230,1995,20.7,816,971,84.0,11872,2222,494,538,91.8,261,300,87.0,36,59,61.0,6,6.1,5.6,-0.1,45,24,38,0,88,Matches,b0b4fd3e
203,Sam Greenwood,eng ENG,MFFW,Leeds United,21-092,2002,3.8,99,162,61.1,1809,803,52,60,86.7,26,49,53.1,19,48,39.6,2,1.1,1.0,+0.9,13,13,1,0,13,Matches,f3354c07
204,Pascal Groß,de GER,MFDF,Brighton,31-317,1991,29.2,1509,1909,79.0,24338,7083,781,861,90.7,560,669,83.7,118,263,44.9,6,9.0,7.1,-3.0,66,121,57,10,209,Matches,8aec0537
205,Vicente Guaita,es ESP,GK,Crystal Palace,36-108,1987,27.0,610,845,72.2,15748,10443,159,161,98.8,258,263,98.1,182,405,44.9,0,0.0,0.0,0.0,0,3,0,0,1,Matches,ab13a5aa
206,Gonçalo Guedes,pt POR,FWMF,Wolves,26-150,1996,7.9,138,201,68.7,2297,526,82,97,84.5,40,56,71.4,13,26,50.0,1,0.5,0.5,+0.5,9,11,8,2,16,Matches,e6bc67d7
207,Marc Guéhi,eng ENG,DF,Crystal Palace,22-289,2000,32.0,1571,1844,85.2,31861,12159,490,535,91.6,899,968,92.9,174,314,55.4,0,0.3,0.5,-0.3,7,121,2,0,92,Matches,d0706b27
208,Bruno Guimarães,br BRA,MF,Newcastle Utd,25-163,1997,24.3,1085,1311,82.8,18946,5325,515,578,89.1,410,475,86.3,124,173,71.7,5,3.6,2.8,+1.4,33,110,38,2,166,Matches,82518f62
209,İlkay Gündoğan,de GER,MF,Manchester City,32-186,1990,22.3,1040,1210,86.0,16211,3760,560,623,89.9,372,412,90.3,75,100,75.0,3,3.0,3.5,0.0,34,108,32,1,140,Matches,819b3158
210,Darko Gyabi,eng ENG,FW,Leeds United,19-069,2004,0.1,4,4,100.0,72,17,1,1,100.0,3,3,100.0,0,0,,0,0.0,0.0,0.0,0,0,0,0,2,Matches,56d838f7
211,Erling Haaland,no NOR,FW,Manchester City,22-281,2000,25.7,296,409,72.4,3694,784,180,227,79.3,84,114,73.7,6,8,75.0,7,4.3,2.8,+2.7,23,13,18,0,49,Matches,1f44ac21
212,Lewis Hall,eng ENG,DFMF,Chelsea,18-232,2004,3.4,147,195,75.4,2592,748,79,92,85.9,52,68,76.5,16,26,61.5,0,0.3,0.2,-0.3,4,10,3,1,9,Matches,da011f18
213,Luke Harris,wls WAL,MFFW,Fulham,18-025,2005,0.1,13,14,92.9,172,25,9,9,100.0,4,5,80.0,0,0,,0,0.0,0.0,0.0,0,1,0,0,1,Matches,8c3078cd
214,Jack Harrison,eng ENG,FWMF,Leeds United,26-159,1996,26.0,626,998,62.7,9019,3435,380,474,80.2,159,270,58.9,48,140,34.3,7,4.7,4.2,+2.3,48,46,40,15,85,Matches,aa849a12
215,Kai Havertz,de GER,FWMF,Chelsea,23-321,1999,24.6,608,756,80.4,7648,1532,388,464,83.6,158,179,88.3,18,25,72.0,1,3.4,2.5,-2.4,35,41,23,2,73,Matches,fed7cb61
216,Jan Paul van Hecke,nl NED,DF,Brighton,22-324,2000,1.0,96,101,95.0,1944,477,21,22,95.5,70,72,97.2,5,6,83.3,0,0.0,0.0,0.0,0,13,0,0,10,Matches,4fd08daa
217,Hwang Hee-chan,kr KOR,FWMF,Wolves,27-092,1996,9.8,161,216,74.5,2308,526,94,114,82.5,52,65,80.0,8,12,66.7,1,1.0,0.5,0.0,9,8,7,1,23,Matches,169fd162
218,Dean Henderson,eng ENG,GK,Nott'ham Forest,26-047,1997,18.0,425,671,63.3,12543,8838,80,80,100.0,186,188,98.9,159,400,39.8,0,0.0,0.0,0.0,0,11,1,0,0,Matches,e5a76dfe
219,Jordan Henderson,eng ENG,MF,Liverpool,32-315,1990,19.6,1141,1375,83.0,18957,5071,574,629,91.3,433,505,85.7,101,165,61.2,2,2.7,3.1,-0.7,24,134,38,8,158,Matches,935e6b8f
220,Wayne Hennessey,wls WAL,GK,Nott'ham Forest,36-094,1987,2.0,45,56,80.4,1510,1133,3,3,100.0,22,22,100.0,20,31,64.5,0,0.0,0.0,0.0,0,2,0,0,0,Matches,76eca7e2
221,Rico Henry,eng ENG,DF,Brentford,25-294,1997,31.5,723,1011,71.5,11547,4081,388,455,85.3,253,344,73.5,61,143,42.7,2,2.5,2.6,-0.5,21,63,34,12,93,Matches,8a3c1dc7
222,Son Heung-min,kr KOR,MFFW,Tottenham,30-294,1992,27.3,578,786,73.5,7860,2222,351,408,86.0,160,214,74.8,30,81,37.0,4,5.5,3.8,-1.5,54,29,28,4,71,Matches,92e7e919
223,Aaron Hickey,sct SCO,DF,Brentford,20-322,2002,16.6,511,623,82.0,7901,2422,281,313,89.8,193,229,84.3,28,54,51.9,0,0.2,0.4,-0.2,2,48,8,3,63,Matches,1780bb4a
224,Joseph Hodge,ie IRL,MF,Wolves,20-226,2002,1.9,69,87,79.3,1067,354,41,45,91.1,19,22,86.4,5,7,71.4,0,0.1,0.0,-0.1,1,7,1,0,7,Matches,bd8a5d95
225,Rob Holding,eng ENG,DF,Arsenal,27-220,1995,6.2,379,438,86.5,7450,2672,140,151,92.7,189,204,92.6,46,69,66.7,0,0.0,0.1,0.0,0,23,1,0,24,Matches,d79a8c87
226,Mason Holgate,eng ENG,DF,Everton,26-188,1996,4.9,135,201,67.2,2641,764,50,61,82.0,64,79,81.0,19,52,36.5,0,0.3,0.2,-0.3,5,11,2,1,12,Matches,d0042ab9
227,Will Hughes,eng ENG,MF,Crystal Palace,28-011,1995,6.3,205,267,76.8,2887,891,123,141,87.2,66,86,76.7,10,22,45.5,1,0.9,0.5,+0.1,5,19,5,0,22,Matches,a0666d3e
228,Omari Hutchinson,eng ENG,FW,Chelsea,19-180,2003,0.3,8,12,66.7,109,4,6,7,85.7,1,1,100.0,1,2,50.0,0,0.0,0.0,0.0,0,0,0,0,0,Matches,bd9553e6
229,Pierre Højbjerg,dk DEN,MF,Tottenham,27-266,1995,31.8,1890,2135,88.5,34141,9228,834,902,92.5,766,839,91.3,228,291,78.4,5,2.8,3.1,+2.2,29,200,33,5,226,Matches,8b04d6c1
230,Kelechi Iheanacho,ng NGA,FWMF,Leicester City,26-207,1996,11.2,200,278,71.9,2629,562,135,167,80.8,43,55,78.2,10,21,47.6,4,3.5,1.7,+0.5,18,18,8,0,24,Matches,c92e1a31
231,Danny Ings,eng ENG,FW,West Ham,30-279,1992,5.9,53,85,62.4,639,176,34,50,68.0,8,13,61.5,3,9,33.3,0,0.2,0.2,-0.2,2,7,0,0,6,Matches,07802f7f
232,Danny Ings,eng ENG,FW,Aston Villa,30-279,1992,9.2,114,162,70.4,1371,289,76,97,78.4,27,34,79.4,3,12,25.0,0,1.2,0.6,-1.2,9,7,4,0,12,Matches,07802f7f
233,Alexander Isak,se SWE,FW,Newcastle Utd,23-219,1999,11.0,151,206,73.3,2197,484,84,111,75.7,43,55,78.2,12,14,85.7,0,0.9,0.6,-0.9,11,17,6,0,21,Matches,8e92be30
234,Daniel Iversen,dk DEN,GK,Leicester City,25-283,1997,7.0,126,221,57.0,3061,2120,41,41,100.0,57,58,98.3,27,119,22.7,0,0.0,0.0,0.0,0,4,0,0,0,Matches,10d221cd
235,Alex Iwobi,ng NGA,MFFW,Everton,26-360,1996,32.5,1024,1357,75.5,17984,5707,487,577,84.4,383,483,79.3,121,195,62.1,6,4.7,3.6,+1.3,57,121,52,14,167,Matches,6ca5ec4b
236,Daniel James,wls WAL,FW,Leeds United,25-169,1997,2.2,24,40,60.0,256,66,18,22,81.8,5,10,50.0,0,3,0.0,0,0.3,0.3,-0.3,1,1,3,1,3,Matches,c931d9f9
237,Daniel James,wls WAL,FW,Fulham,25-169,1997,6.5,110,175,62.9,1420,289,74,91,81.3,25,41,61.0,3,12,25.0,1,0.6,0.3,+0.4,6,2,6,1,15,Matches,c931d9f9
238,Reece James,eng ENG,DFMF,Chelsea,23-141,1999,13.8,891,1051,84.8,14345,4119,468,499,93.8,337,395,85.3,67,109,61.5,1,3.0,2.9,-2.0,21,60,24,6,90,Matches,1265a93a
239,Vitaly Janelt,de GER,MFDF,Brentford,24-353,1998,19.9,628,811,77.4,10886,3238,321,370,86.8,224,280,80.0,71,113,62.8,1,1.2,1.2,-0.2,13,54,16,6,67,Matches,8449d35e
240,Pontus Jansson,se SWE,DF,Brentford,32-074,1991,8.0,257,321,80.1,5004,1738,81,98,82.7,147,167,88.0,28,45,62.2,0,0.0,0.1,0.0,0,11,0,0,14,Matches,172e52d8
241,Mathias Jensen,dk DEN,MF,Brentford,27-117,1996,27.9,929,1349,68.9,18492,7270,401,482,83.2,337,471,71.5,165,322,51.2,5,4.2,4.2,+0.8,42,97,32,15,116,Matches,0f134faf
242,Gabriel Jesus,br BRA,FW,Arsenal,26-025,1997,18.1,449,562,79.9,6798,1397,239,283,84.5,162,183,88.5,25,39,64.1,5,3.0,1.9,+2.0,24,28,17,1,48,Matches,b66315ae
243,Raúl Jiménez,mx MEX,FW,Wolves,31-358,1991,8.3,122,172,70.9,1602,337,79,100,79.0,27,40,67.5,8,15,53.3,1,1.7,0.5,-0.7,8,8,7,1,13,Matches,b561db50
244,Joelinton,br BRA,MFFW,Newcastle Utd,26-257,1996,25.7,904,1101,82.1,13274,3470,508,582,87.3,301,341,88.3,50,63,79.4,1,2.1,1.8,-1.1,22,71,18,3,108,Matches,c17bfb65
245,Ben Johnson,eng ENG,DF,West Ham,23-094,2000,8.3,339,461,73.5,6020,2163,149,171,87.1,154,187,82.4,30,76,39.5,0,0.2,0.4,-0.2,3,24,8,4,36,Matches,9319781b
246,Brennan Johnson,wls WAL,FWMF,Nott'ham Forest,21-340,2001,29.7,268,467,57.4,3847,776,143,204,70.1,93,163,57.1,14,33,42.4,2,3.1,1.7,-1.1,26,10,17,5,30,Matches,0cd31129
247,Sam Johnstone,eng ENG,GK,Crystal Palace,30-034,1993,4.0,106,144,73.6,2673,1694,21,21,100.0,60,60,100.0,25,62,40.3,0,0.0,0.0,0.0,0,2,0,0,0,Matches,9e5708be
248,Curtis Jones,eng ENG,MF,Liverpool,22-088,2001,6.5,358,402,89.1,5257,1221,199,212,93.9,136,147,92.5,13,17,76.5,1,0.9,1.0,+0.1,8,28,10,1,42,Matches,4fb9c88f
249,Jorginho,it ITA,MF,Arsenal,31-129,1991,4.9,347,404,85.9,5851,1788,156,175,89.1,147,166,88.6,32,41,78.0,0,0.1,0.4,-0.1,3,47,9,0,62,Matches,45db685d
250,Jorginho,it ITA,MF,Chelsea,31-129,1991,14.2,749,884,84.7,11991,3508,379,421,90.0,301,348,86.5,51,74,68.9,0,0.4,0.4,-0.4,7,87,9,0,80,Matches,45db685d
251,Mateo Joseph,eng ENG,FWMF,Leeds United,19-191,2003,0.3,2,3,66.7,13,0,1,2,50.0,0,0,,0,0,,0,0.0,0.0,0.0,0,0,0,0,0,Matches,6ad43f9a
252,Diogo Jota,pt POR,FW,Liverpool,26-145,1996,9.9,229,308,74.4,2995,709,146,183,79.8,61,80,76.3,6,14,42.9,4,2.0,1.5,+2.0,14,24,6,1,25,Matches,178ae8f8
253,Hamed Junior Traorè,ci CIV,FWMF,Bournemouth,23-071,2000,4.7,109,178,61.2,1850,775,55,72,76.4,35,56,62.5,13,33,39.4,0,1.1,1.1,-1.1,14,11,10,3,26,Matches,570bb4b9
254,James Justin,eng ENG,DF,Leicester City,25-064,1998,13.9,667,819,81.4,10404,3063,371,408,90.9,239,282,84.8,39,81,48.1,0,0.3,0.5,-0.3,7,48,12,7,47,Matches,fb614c44
255,Mathias Jørgensen,dk DEN,DF,Brentford,33-005,1990,10.1,328,411,79.8,5577,2441,147,164,89.6,163,200,81.5,14,39,35.9,0,0.1,0.1,-0.1,1,27,0,0,29,Matches,0db5d2c8
256,Sasa Kalajdzic,at AUT,FW,Wolves,25-295,1997,0.5,2,4,50.0,26,0,1,2,50.0,1,1,100.0,0,0,,0,0.0,0.0,0.0,0,0,0,0,0,Matches,15f24fe7
257,Boubacar Kamara,fr FRA,MF,Aston Villa,23-156,1999,17.4,745,879,84.8,12296,3625,368,411,89.5,280,308,90.9,65,91,71.4,1,0.8,0.7,+0.2,7,58,6,0,80,Matches,cc77354e
258,Harry Kane,eng ENG,FW,Tottenham,29-274,1993,32.8,554,791,70.0,10525,3772,253,321,78.8,195,248,78.6,89,144,61.8,3,5.9,3.1,-2.9,52,86,42,6,158,Matches,21a66f6a
259,N'Golo Kanté,fr FRA,MF,Chelsea,32-030,1991,4.1,203,254,79.9,2904,723,127,140,90.7,63,78,80.8,7,17,41.2,0,1.4,0.7,-1.4,10,17,8,2,24,Matches,b9fbae28
260,Michael Keane,eng ENG,DF,Everton,30-107,1993,9.3,244,349,69.9,4751,2355,85,109,78.0,122,147,83.0,34,74,45.9,1,0.3,0.2,+0.7,1,27,0,0,22,Matches,c5b7c315
261,Neeskens Kebano,cd COD,FW,Fulham,31-049,1992,8.0,145,195,74.4,1919,481,87,98,88.8,41,54,75.9,4,10,40.0,3,1.4,0.8,+1.6,11,2,9,3,22,Matches,18b999f4
262,Thilo Kehrer,de GER,DF,West Ham,26-219,1996,21.3,808,976,82.8,14111,5051,347,398,87.2,395,443,89.2,56,101,55.4,2,0.6,0.7,+1.4,7,54,3,0,53,Matches,51dbeea9
263,Naby Keïta,gn GUI,MF,Liverpool,28-077,1995,3.3,129,168,76.8,1820,590,75,87,86.2,43,54,79.6,6,8,75.0,0,0.7,0.2,-0.7,8,15,2,0,15,Matches,f25c8e3a
264,Lloyd Kelly,eng ENG,DF,Bournemouth,24-204,1998,17.7,710,891,79.7,13420,5569,260,288,90.3,357,399,89.5,79,172,45.9,2,0.2,0.7,+1.8,5,62,6,2,36,Matches,f31def1e
265,Max Kilman,eng ENG,DF,Wolves,25-340,1997,33.0,1601,1923,83.3,31663,11439,529,574,92.2,885,957,92.5,168,345,48.7,0,0.1,0.6,-0.1,2,125,7,2,118,Matches,d0f72bf1
266,Jakub Kiwior,pl POL,DF,Arsenal,23-072,2000,0.2,6,7,85.7,100,47,3,3,100.0,3,4,75.0,0,0,,0,0.0,0.0,0.0,0,0,0,0,0,Matches,dc3e663e
267,Mateusz Klich,pl POL,MFFW,Leeds United,32-319,1990,3.1,108,148,73.0,1411,387,61,69,88.4,28,34,82.4,5,17,29.4,0,0.2,0.2,-0.2,5,6,5,0,16,Matches,282679b4
268,Robin Koch,de GER,DF,Leeds United,26-285,1996,31.3,1095,1428,76.7,21344,9650,351,417,84.2,610,708,86.2,121,255,47.5,0,0.1,0.3,-0.1,2,105,5,0,95,Matches,ea6bc03a
269,Ibrahima Konaté,fr FRA,DF,Liverpool,23-338,1999,12.2,751,856,87.7,13331,5189,305,335,91.0,389,423,92.0,46,81,56.8,0,0.1,0.6,-0.1,1,40,2,0,42,Matches,5ed9b537
270,Ezri Konsa,eng ENG,DF,Aston Villa,25-187,1997,31.9,1475,1671,88.3,26914,9105,533,581,91.7,825,880,93.8,104,177,58.8,0,1.3,0.7,-1.3,8,57,4,2,46,Matches,0313a347
271,Kalidou Koulibaly,sn SEN,DF,Chelsea,31-312,1991,19.9,1270,1465,86.7,22340,8984,561,595,94.3,593,650,91.2,96,175,54.9,1,0.4,0.4,+0.6,7,83,9,1,81,Matches,da974c7b
272,Cheikhou Kouyaté,sn SEN,MF,Nott'ham Forest,33-128,1989,8.8,167,224,74.6,2648,747,82,110,74.5,55,66,83.3,17,23,73.9,0,0.7,0.3,-0.7,6,11,2,0,18,Matches,8d3c902d
273,Mateo Kovačić,hr CRO,MF,Chelsea,28-357,1994,17.2,1048,1223,85.7,17179,5196,513,569,90.2,439,484,90.7,69,111,62.2,1,1.9,1.8,-0.9,21,148,21,1,146,Matches,79c0821a
274,Emil Krafth,se SWE,DF,Newcastle Utd,28-269,1994,0.0,0,0,,0,0,0,0,,0,0,,0,0,,0,0.0,0.0,0.0,0,0,0,0,0,Matches,77cf6852
275,Dejan Kulusevski,se SWE,MFFW,Tottenham,23-003,2000,20.2,517,665,77.7,7210,1790,313,366,85.5,160,200,80.0,22,45,48.9,6,4.0,4.5,+2.0,40,13,32,11,58,Matches,df3cda47
276,Layvin Kurzawa,fr FRA,DF,Fulham,30-236,1992,1.5,28,41,68.3,408,135,12,13,92.3,14,19,73.7,0,3,0.0,0,0.0,0.0,0.0,0,1,1,1,2,Matches,41e7ef1c
277,Adam Lallana,eng ENG,MFFW,Brighton,34-353,1988,8.0,262,317,82.6,3033,656,173,194,89.2,57,74,77.0,6,9,66.7,1,1.0,1.2,0.0,14,23,9,1,33,Matches,99813635
278,Tariq Lamptey,gh GHA,DF,Brighton,22-210,2000,5.0,239,302,79.1,3509,854,130,149,87.2,96,116,82.8,5,21,23.8,0,0.2,0.7,-0.2,4,14,8,5,26,Matches,f4e433d4
279,Manuel Lanzini,ar ARG,MFFW,West Ham,30-072,1993,1.7,83,100,83.0,1280,295,42,50,84.0,32,35,91.4,5,9,55.6,0,0.0,0.1,0.0,0,7,2,0,14,Matches,26f6dca8
280,Aymeric Laporte,es ESP,DF,Manchester City,28-336,1994,7.2,549,594,92.4,8922,2513,288,301,95.7,218,234,93.2,35,45,77.8,0,0.2,0.3,-0.2,4,57,6,0,59,Matches,119b9a8e
281,Juan Larios,es ESP,DF,Southampton,19-106,2004,1.7,63,82,76.8,881,326,40,46,87.0,21,27,77.8,2,4,50.0,0,0.0,0.0,0.0,0,5,0,0,4,Matches,cf7fb13a
282,Jamaal Lascelles,eng ENG,DF,Newcastle Utd,29-168,1993,2.4,79,93,84.9,1445,580,29,34,85.3,40,44,90.9,7,11,63.6,0,0.0,0.0,0.0,0,4,0,0,3,Matches,450ab6fc
283,Roméo Lavia,be BEL,MF,Southampton,19-112,2004,20.1,695,805,86.3,12104,3263,307,341,90.0,318,346,91.9,57,76,75.0,0,0.5,0.5,-0.5,13,84,9,0,88,Matches,ecad9aa5
284,Dexter Lembikisa,jm JAM,DF,Wolves,19-175,2003,0.3,10,13,76.9,180,73,5,5,100.0,5,5,100.0,0,0,,0,0.0,0.0,0.0,0,2,0,0,3,Matches,0bdda685
285,Mario Lemina,ga GAB,MF,Wolves,29-239,1993,10.4,408,468,87.2,7192,2070,180,198,90.9,181,198,91.4,40,52,76.9,1,0.3,0.4,+0.7,3,27,5,1,34,Matches,2b471f99
286,Clément Lenglet,fr FRA,DF,Tottenham,27-315,1995,18.5,1019,1174,86.8,18862,6872,391,404,96.8,511,565,90.4,101,169,59.8,2,0.6,0.8,+1.4,6,63,10,5,69,Matches,4f28a6ff
287,Bernd Leno,de GER,GK,Fulham,31-055,1992,30.0,882,1123,78.5,21836,13429,189,189,100.0,500,502,99.6,191,428,44.6,0,0.0,0.0,0.0,1,11,0,0,0,Matches,2628fd2b
288,Jefferson Lerma,co COL,MF,Bournemouth,28-185,1994,31.1,1111,1365,81.4,17358,6268,568,649,87.5,444,511,86.9,62,127,48.8,0,1.8,2.3,-1.8,15,110,21,2,126,Matches,9b5ce51a
289,Jamal Lewis,nir NIR,DF,Newcastle Utd,25-093,1998,0.1,10,12,83.3,163,71,2,2,100.0,7,8,87.5,0,0,,0,0.0,0.0,0.0,0,0,0,0,1,Matches,efb9215a
290,Rico Lewis,eng ENG,DFMF,Manchester City,18-158,2004,6.0,389,423,92.0,5624,846,239,250,95.6,130,138,94.2,11,15,73.3,0,0.8,1.0,-0.8,7,22,8,3,31,Matches,b57e066e
291,Keane Lewis-Potter,eng ENG,FWMF,Brentford,22-065,2001,3.6,49,86,57.0,600,118,33,50,66.0,12,17,70.6,1,10,10.0,1,1.2,0.3,-0.2,5,2,3,1,6,Matches,41f08ac8
292,Victor Lindelöf,se SWE,DF,Manchester Utd,28-285,1994,8.2,494,531,93.0,8831,2861,174,185,94.1,280,291,96.2,31,44,70.5,0,0.0,0.1,0.0,0,24,1,0,22,Matches,f5deef4c
293,Jesse Lingard,eng ENG,FWMF,Nott'ham Forest,30-134,1992,10.3,236,297,79.5,3558,897,121,137,88.3,88,104,84.6,14,28,50.0,0,0.7,0.5,-0.7,11,27,7,1,33,Matches,810e3c74
294,Diego Llorente,es ESP,DF,Leeds United,29-255,1993,7.2,356,429,83.0,6969,2284,118,130,90.8,203,228,89.0,33,59,55.9,0,0.0,0.0,0.0,0,17,0,0,27,Matches,bba30585
295,Hugo Lloris,fr FRA,GK,Tottenham,36-123,1986,24.5,561,728,77.1,13442,8398,174,177,98.3,241,242,99.6,146,305,47.9,0,0.0,0.0,0.0,0,13,0,0,0,Matches,8f62b6ee
296,Renan Lodi,br BRA,DF,Nott'ham Forest,25-020,1998,20.2,531,780,68.1,9263,3025,250,297,84.2,220,305,72.1,50,134,37.3,0,0.6,0.7,-0.6,8,24,13,7,27,Matches,ed9f7cfe
297,Ruben Loftus-Cheek,eng ENG,MFDF,Chelsea,27-095,1996,14.6,663,782,84.8,9815,2462,398,448,88.8,224,251,89.2,28,36,77.8,0,1.3,1.6,-1.3,12,64,13,1,73,Matches,e97fd090
298,Sean Longstaff,eng ENG,MF,Newcastle Utd,25-180,1997,27.0,899,1114,80.7,14770,4111,449,515,87.2,344,397,86.6,76,124,61.3,4,3.3,2.5,+0.7,22,77,20,5,112,Matches,a2b105e0
299,Jamal Lowe,jm JAM,MFFW,Bournemouth,28-281,1994,0.1,2,4,50.0,18,3,1,1,100.0,0,0,,0,1,0.0,0,0.0,0.0,0.0,0,0,1,0,1,Matches,b2856bc0
300,Douglas Luiz,br BRA,MF,Aston Villa,24-354,1998,27.6,1300,1569,82.9,22746,5516,544,607,89.6,570,654,87.2,131,227,57.7,5,3.2,2.4,+1.8,38,101,17,3,127,Matches,6f7d826d
301,Saša Lukić,rs SRB,MF,Fulham,26-258,1996,2.6,133,148,89.9,2233,451,59,65,90.8,64,69,92.8,9,11,81.8,0,0.0,0.1,0.0,0,16,0,0,9,Matches,c6e8cf1f
302,Lyanco,br BRA,DF,Southampton,26-086,1997,8.8,278,392,70.9,5212,1852,107,119,89.9,132,174,75.9,29,81,35.8,0,0.1,0.1,-0.1,1,25,2,1,26,Matches,b5bf1770
303,Alexis Mac Allister,ar ARG,MF,Brighton,24-125,1998,26.0,1276,1480,86.2,20385,5017,667,735,90.7,491,537,91.4,84,117,71.8,1,2.8,3.3,-1.8,31,124,24,1,136,Matches,83d074ff
304,James Maddison,eng ENG,MFFW,Leicester City,26-156,1996,23.1,726,977,74.3,12377,3778,353,404,87.4,269,351,76.6,78,155,50.3,7,7.8,5.3,-0.8,59,101,26,3,133,Matches,ee38d9c5
305,Noni Madueke,eng ENG,FWDF,Chelsea,21-049,2002,2.5,83,104,79.8,1114,238,52,60,86.7,22,30,73.3,5,6,83.3,0,0.3,0.2,-0.3,7,6,3,0,11,Matches,bf34eebd
306,Harry Maguire,eng ENG,DF,Manchester Utd,30-054,1993,7.4,438,512,85.5,8817,2620,134,148,90.5,243,269,90.3,54,85,63.5,0,0.0,0.1,0.0,1,29,0,0,24,Matches,d8931174
307,Riyad Mahrez,dz ALG,FWMF,Manchester City,32-066,1991,14.6,671,811,82.7,11133,2026,351,392,89.5,247,287,86.1,62,101,61.4,5,4.9,3.4,+0.1,35,29,28,6,60,Matches,892d5bb1
308,Kobbie Mainoo,eng ENG,MF,Manchester Utd,18-009,2005,0.1,7,8,87.5,83,31,5,6,83.3,2,2,100.0,0,0,,0,0.0,0.1,0.0,0,1,1,0,1,Matches,c6220452
309,Ainsley Maitland-Niles,eng ENG,DFMF,Southampton,25-242,1997,13.5,477,607,78.6,7987,2834,238,279,85.3,183,222,82.4,44,71,62.0,0,0.6,0.7,-0.6,8,49,10,4,50,Matches,e3a5814e
310,Tyrell Malacia,nl NED,DF,Manchester Utd,23-254,1999,12.0,513,603,85.1,7378,2236,328,353,92.9,136,158,86.1,27,49,55.1,0,0.3,0.5,-0.3,4,31,3,0,31,Matches,6b6c793c
311,Orel Mangala,be BEL,MF,Nott'ham Forest,25-041,1998,12.5,322,402,80.1,4889,1300,173,195,88.7,122,146,83.6,17,34,50.0,0,0.1,0.1,-0.1,2,29,2,0,32,Matches,a572e291
312,Javier Manquillo,es ESP,DF,Newcastle Utd,28-358,1994,0.4,23,27,85.2,381,114,13,14,92.9,8,10,80.0,2,2,100.0,0,0.0,0.0,0.0,0,1,0,0,4,Matches,758dd7f0
313,Sekou Mara,fr FRA,FWMF,Southampton,20-272,2002,5.8,66,101,65.3,858,162,42,55,76.4,14,17,82.4,4,7,57.1,2,0.8,0.3,+1.2,6,6,2,0,7,Matches,3544641e
314,Solly March,eng ENG,FWDF,Brighton,28-282,1994,28.9,907,1252,72.4,16282,3830,423,502,84.3,350,459,76.3,107,196,54.6,7,8.0,6.1,-1.0,61,62,47,14,130,Matches,bb5fbd2b
315,Emiliano Marcondes,dk DEN,MF,Bournemouth,28-050,1995,0.1,1,1,100.0,56,37,0,0,,0,0,,1,1,100.0,0,0.0,0.0,0.0,0,1,0,0,1,Matches,4d960fc3
316,Marquinhos,br BRA,MF,Arsenal,20-021,2003,0.0,2,3,66.7,34,5,1,2,50.0,1,1,100.0,0,0,,0,0.0,0.0,0.0,0,0,0,0,0,Matches,59878425
317,Anthony Martial,fr FRA,FW,Manchester Utd,27-144,1995,7.1,168,201,83.6,2081,542,119,131,90.8,37,43,86.0,5,9,55.6,2,1.1,1.0,+0.9,7,10,7,0,20,Matches,8b788c01
318,Martinelli,br BRA,FW,Arsenal,21-314,2001,29.5,812,1079,75.3,12629,2589,438,516,84.9,283,343,82.5,61,121,50.4,5,8.7,6.9,-3.7,57,33,43,10,93,Matches,48a5a5d6
319,Emiliano Martínez,ar ARG,GK,Aston Villa,30-238,1992,29.9,876,1168,75.0,23268,15383,178,179,99.4,452,456,99.1,244,525,46.5,0,0.3,0.2,-0.3,2,17,0,0,0,Matches,7956236f
320,Lisandro Martínez,ar ARG,DF,Manchester Utd,25-100,1998,23.5,1330,1528,87.0,23895,8188,532,568,93.7,683,728,93.8,96,193,49.7,0,0.3,1.0,-0.3,6,92,5,0,83,Matches,bac46a10
321,Pape Matar Sarr,sn SEN,MF,Tottenham,20-226,2002,1.9,118,130,90.8,1735,361,61,64,95.3,50,53,94.3,2,6,33.3,0,0.0,0.0,0.0,1,7,0,0,11,Matches,feb5d972
322,Jean-Philippe Mateta,fr FRA,FW,Crystal Palace,25-304,1997,8.2,98,142,69.0,1118,139,66,88,75.0,19,27,70.4,3,4,75.0,0,0.6,0.1,-0.6,5,4,0,0,6,Matches,50e6dc35
323,Joël Matip,cm CMR,DF,Liverpool,31-263,1991,11.1,705,816,86.4,12796,4255,276,315,87.6,363,394,92.1,57,84,67.9,0,0.3,0.4,-0.3,3,47,7,0,55,Matches,b217ef29
324,Neal Maupay,fr FRA,FW,Everton,26-257,1996,11.8,176,236,74.6,2310,188,115,140,82.1,46,59,78.0,6,8,75.0,0,0.6,0.2,-0.6,7,7,2,0,9,Matches,4bcf39f6
325,Kevin Mbabu,ch SUI,DFFW,Fulham,28-009,1995,1.6,68,94,72.3,1051,383,40,43,93.0,24,35,68.6,4,9,44.4,1,0.4,0.4,+0.6,2,4,5,3,8,Matches,493924a7
326,Bryan Mbeumo,cm CMR,FW,Brentford,23-264,1999,27.3,539,820,65.7,8614,2655,307,373,82.3,152,241,63.1,59,122,48.4,6,6.1,4.4,-0.1,43,28,42,13,76,Matches,6afaebf2
327,James McArthur,sct SCO,MF,Crystal Palace,35-203,1987,0.2,17,22,77.3,244,37,9,11,81.8,7,8,87.5,1,2,50.0,0,0.0,0.0,0.0,0,0,0,0,0,Matches,cee31595
328,Alex McCarthy,eng ENG,GK,Southampton,33-146,1989,1.0,35,46,76.1,835,533,4,4,100.0,21,21,100.0,9,20,45.0,0,0.0,0.0,0.0,0,0,0,0,0,Matches,36c2ca73
329,John McGinn,sct SCO,MFFW,Aston Villa,28-192,1994,24.9,684,877,78.0,12213,4073,320,369,86.7,258,313,82.4,87,141,61.7,3,2.6,3.1,+0.4,17,94,18,5,110,Matches,90f91999
330,Scott McKenna,sct SCO,DF,Nott'ham Forest,26-167,1996,17.5,569,727,78.3,11331,4319,163,195,83.6,334,394,84.8,66,122,54.1,0,1.0,0.4,-1.0,8,35,3,1,35,Matches,4e5a4cbc
331,Weston McKennie,us USA,MF,Leeds United,24-243,1998,11.6,374,487,76.8,5984,2053,195,242,80.6,120,150,80.0,37,55,67.3,0,0.4,0.4,-0.4,9,37,14,2,64,Matches,01c3aff5
332,Dwight McNeil,eng ENG,FWMF,Everton,23-157,1999,22.8,521,779,66.9,8719,2635,275,319,86.2,164,224,73.2,62,152,40.8,2,4.2,3.9,-2.2,35,35,23,12,56,Matches,fc15fb84
333,Scott McTominay,sct SCO,MF,Manchester Utd,26-141,1996,12.5,340,412,82.5,5241,1472,186,215,86.5,116,135,85.9,25,34,73.5,0,0.5,1.0,-0.5,7,30,5,1,30,Matches,d93c2511
334,Ben Mee,eng ENG,DF,Brentford,33-219,1989,31.3,1124,1492,75.3,21565,8951,431,511,84.3,537,656,81.9,145,279,52.0,0,0.3,0.6,-0.3,5,68,7,1,71,Matches,8df7a2fb
335,Edouard Mendy,sn SEN,GK,Chelsea,31-058,1992,8.5,213,268,79.5,4987,3402,69,69,100.0,87,88,98.9,53,107,49.5,0,0.0,0.0,0.0,0,4,0,0,0,Matches,33887998
336,Nampalys Mendy,sn SEN,MF,Leicester City,30-309,1992,8.2,357,408,87.5,5500,1124,186,201,92.5,142,155,91.6,19,26,73.1,0,0.0,0.1,0.0,2,20,3,0,28,Matches,1598599e
337,Chris Mepham,wls WAL,DF,Bournemouth,25-174,1997,23.4,829,989,83.8,15531,5461,292,327,89.3,459,503,91.3,71,133,53.4,0,0.2,0.6,-0.2,4,41,2,0,40,Matches,fed96827
338,Illan Meslier,fr FRA,GK,Leeds United,23-057,2000,33.0,642,1008,63.7,16182,10548,139,143,97.2,344,349,98.6,155,507,30.6,0,0.0,0.0,0.0,0,12,1,0,0,Matches,6b625ac2
339,Alexander Mighten,eng ENG,FW,Nott'ham Forest,21-017,2002,0.1,1,1,100.0,11,0,1,1,100.0,0,0,,0,0,,0,0.0,0.0,0.0,0,0,0,0,0,Matches,10ec4169
340,Luka Milivojević,rs SRB,MF,Crystal Palace,32-021,1991,5.7,206,256,80.5,3583,1133,89,100,89.0,89,106,84.0,20,36,55.6,0,0.2,0.2,-0.2,2,17,2,1,20,Matches,2ce2508a
341,James Milner,eng ENG,MFDF,Liverpool,37-114,1986,8.5,470,612,76.8,8342,2891,214,237,90.3,200,236,84.7,45,100,45.0,1,0.8,1.6,+0.2,11,49,13,4,58,Matches,2f90f6b8
342,Yerry Mina,co COL,DF,Everton,28-217,1994,2.6,156,174,89.7,2741,956,57,62,91.9,90,99,90.9,7,11,63.6,0,0.0,0.0,0.0,0,10,0,0,7,Matches,6d5701f2
343,Tyrone Mings,eng ENG,DF,Aston Villa,30-046,1993,30.0,1433,1679,85.3,27751,10505,458,505,90.7,818,877,93.3,142,263,54.0,2,1.4,0.9,+0.6,5,94,6,0,94,Matches,8397a50c
344,Tyrick Mitchell,eng ENG,DF,Crystal Palace,23-239,1999,27.1,943,1333,70.7,15096,7103,489,584,83.7,395,526,75.1,47,151,31.1,2,1.1,1.1,+0.9,13,73,18,7,85,Matches,5cbd1eb0
345,Kaoru Mitoma,jp JPN,FW,Brighton,25-343,1997,19.1,626,776,80.7,8651,1987,404,455,88.8,176,219,80.4,24,39,61.5,4,4.9,4.3,-0.9,29,39,24,0,74,Matches,74618572
346,Aleksandar Mitrović,rs SRB,FW,Fulham,28-224,1994,20.1,270,449,60.1,4300,877,154,231,66.7,78,122,63.9,30,48,62.5,1,2.1,1.1,-1.1,15,25,8,1,41,Matches,3925dbd6
347,Kieffer Moore,wls WAL,FW,Bournemouth,30-263,1992,13.0,200,335,59.7,2795,471,111,176,63.1,59,90,65.6,11,19,57.9,0,0.3,0.5,-0.3,4,16,6,0,22,Matches,01ce9e70
348,Andrew Moran,ie IRL,FW,Brighton,19-195,2003,0.1,1,2,50.0,13,0,1,1,100.0,0,1,0.0,0,0,,0,0.0,0.0,0.0,0,0,0,0,0,Matches,c4720845
349,Álex Moreno,es ESP,DF,Aston Villa,29-324,1993,11.9,480,619,77.5,7009,2079,265,314,84.4,181,226,80.1,16,29,55.2,3,2.4,2.1,+0.6,20,14,18,10,22,Matches,16e9d0ea
350,Mason Mount,eng ENG,MFFW,Chelsea,24-108,1999,18.3,585,778,75.2,8688,2236,350,409,85.6,165,216,76.4,44,84,52.4,2,3.0,2.8,-1.0,30,55,27,5,98,Matches,9674002f
351,Lucas Moura,br BRA,MFDF,Tottenham,30-258,1992,1.4,46,67,68.7,617,202,30,40,75.0,15,20,75.0,0,1,0.0,0,0.3,0.3,-0.3,3,2,5,1,9,Matches,2b622f01
352,João Moutinho,pt POR,MF,Wolves,36-232,1986,19.8,850,1057,80.4,15648,4124,323,362,89.2,412,480,85.8,91,147,61.9,2,2.6,1.9,-0.6,36,105,23,4,132,Matches,f5a00fa4
353,Divin Mubama,eng ENG,FW,West Ham,18-185,2004,0.0,1,1,100.0,14,0,1,1,100.0,0,0,,0,0,,0,0.0,0.0,0.0,0,0,0,0,0,Matches,92868cb5
354,Mykhailo Mudryk,ua UKR,FWMF,Chelsea,22-113,2001,5.4,119,163,73.0,1494,427,78,99,78.8,26,35,74.3,4,13,30.8,2,0.4,0.5,+1.6,5,8,6,0,14,Matches,049a888d
355,Jacob Murphy,eng ENG,FW,Newcastle Utd,28-063,1995,12.0,258,390,66.2,3975,1065,153,188,81.4,81,117,69.2,16,36,44.4,2,2.6,2.6,-0.6,17,18,26,4,56,Matches,de112b84
356,Enock Mwepu,zm ZAM,FWMF,Brighton,25-117,1998,2.4,61,78,78.2,819,126,42,50,84.0,15,17,88.2,3,5,60.0,1,0.5,0.2,+0.5,3,5,2,0,6,Matches,1d5cab82
357,Vitaliy Mykolenko,ua UKR,DF,Everton,23-334,1999,27.5,944,1256,75.2,14871,5740,502,578,86.9,354,459,77.1,63,141,44.7,0,1.2,0.9,-1.2,19,84,21,11,99,Matches,30d4a2e5
358,Keylor Navas,cr CRC,GK,Nott'ham Forest,36-134,1986,13.0,265,432,61.3,8792,7004,24,24,100.0,121,122,99.2,120,281,42.7,0,0.0,0.0,0.0,0,6,0,0,1,Matches,ecada4fc
359,Wilfred Ndidi,ng NGA,MFDF,Leicester City,26-133,1996,16.0,695,816,85.2,10636,2610,356,384,92.7,288,325,88.6,27,61,44.3,0,0.1,0.2,-0.1,3,45,0,0,46,Matches,6b47c5db
360,Reiss Nelson,eng ENG,FW,Arsenal,23-139,1999,1.4,75,89,84.3,986,140,45,49,91.8,22,26,84.6,3,5,60.0,2,0.6,0.4,+1.4,7,1,4,2,4,Matches,c5bdb6e3
361,Neto,br BRA,GK,Bournemouth,33-283,1989,22.5,417,679,61.4,13167,10698,86,88,97.7,140,146,95.9,184,437,42.1,0,0.0,0.0,0.0,0,12,1,0,0,Matches,a9dc785c
362,Pedro Neto,pt POR,FWMF,Wolves,23-050,2000,8.4,238,318,74.8,3842,863,138,153,90.2,69,99,69.7,24,46,52.2,0,1.4,1.3,-1.4,15,11,8,4,20,Matches,7ba2eaa9
363,Rúben Neves,pt POR,MF,Wolves,26-046,1997,29.1,1564,1880,83.2,33351,9057,510,564,90.4,750,829,90.5,288,420,68.6,0,1.2,1.2,-1.2,25,187,13,1,198,Matches,44bfb6c5
364,Moussa Niakhate,sn SEN,DF,Nott'ham Forest,27-051,1996,7.9,154,220,70.0,3200,1538,45,50,90.0,85,112,75.9,23,48,47.9,0,0.1,0.1,-0.1,1,10,0,0,7,Matches,00242715
365,Rasmus Nissen,dk DEN,DF,Leeds United,25-291,1997,16.8,575,838,68.6,9238,4024,290,355,81.7,235,328,71.6,36,97,37.1,1,1.0,0.8,0.0,8,43,15,2,61,Matches,39769cff
366,Eddie Nketiah,eng ENG,FW,Arsenal,23-333,1999,11.5,193,241,80.1,2708,337,123,142,86.6,56,66,84.8,7,10,70.0,1,1.2,1.3,-0.2,8,7,6,0,15,Matches,a53649b7
367,Matheus Nunes,pt POR,MF,Wolves,24-244,1998,23.7,705,894,78.9,12956,2559,335,395,84.8,246,287,85.7,104,152,68.4,1,2.2,1.1,-1.2,26,67,14,4,73,Matches,e6af02e0
368,Darwin Núñez,uy URU,FW,Liverpool,23-308,1999,17.0,236,363,65.0,3646,801,117,164,71.3,73,109,67.0,21,29,72.4,3,5.3,2.8,-2.3,25,11,11,1,28,Matches,4d77b365
369,Ethan Nwaneri,eng ENG,FW,Arsenal,16-038,2007,0.0,0,0,,0,0,0,0,,0,0,,0,0,,0,0.0,0.0,0.0,0,0,0,0,0,Matches,7f94982c
370,Christian Nørgaard,dk DEN,MF,Brentford,29-049,1994,19.6,608,812,74.9,9879,3427,304,369,82.4,252,326,77.3,40,74,54.1,3,3.1,1.8,-0.1,12,68,8,2,73,Matches,df0a4c90
371,Lewis O'Brien,eng ENG,MF,Nott'ham Forest,24-196,1998,6.5,166,214,77.6,2785,650,72,85,84.7,84,103,81.6,7,16,43.8,0,0.2,0.2,-0.2,4,19,3,0,21,Matches,089667a5
372,Odeluga Offiah,eng ENG,DF,Brighton,20-184,2002,0.0,4,6,66.7,57,8,2,4,50.0,2,2,100.0,0,0,,0,0.0,0.0,0.0,0,0,1,0,1,Matches,65c3efa2
373,Angelo Ogbonna,it ITA,DF,West Ham,34-340,1988,8.9,192,238,80.7,3764,1210,49,61,80.3,117,134,87.3,21,36,58.3,0,0.2,0.1,-0.2,2,2,1,0,4,Matches,74b2cd7e
374,Michael Olise,fr FRA,FWMF,Crystal Palace,21-137,2001,25.6,815,1175,69.4,13630,4011,432,497,86.9,276,371,74.4,88,223,39.5,8,7.0,4.9,+1.0,57,63,39,11,111,Matches,c4486bac
375,Robin Olsen,se SWE,GK,Aston Villa,33-110,1990,3.1,74,131,56.5,2049,1522,17,18,94.4,30,30,100.0,27,80,33.8,0,0.0,0.0,0.0,0,2,0,0,0,Matches,e7ee38c3
376,Amadou Onana,be BEL,MF,Everton,21-255,2001,25.3,741,890,83.3,11718,2612,392,443,88.5,278,322,86.3,48,72,66.7,1,2.2,1.5,-1.2,18,68,10,0,62,Matches,828657ff
377,Josh Onomah,eng ENG,MF,Fulham,26-001,1997,0.2,4,6,66.7,54,0,3,3,100.0,1,1,100.0,0,0,,0,0.0,0.0,0.0,0,0,0,0,0,Matches,6612cd8c
378,Paul Onuachu,ng NGA,FW,Southampton,28-335,1994,3.7,50,74,67.6,702,136,32,41,78.0,9,15,60.0,5,6,83.3,0,0.1,0.1,-0.1,4,4,1,0,5,Matches,c06d1086
379,Frank Onyeka,ng NGA,MF,Brentford,25-117,1998,6.8,130,178,73.0,2058,570,66,83,79.5,52,66,78.8,7,15,46.7,1,0.5,0.7,+0.5,5,14,3,0,20,Matches,2944f86f
380,Mislav Oršić,hr CRO,MF,Southampton,30-120,1992,0.1,2,3,66.7,16,0,2,2,100.0,0,0,,0,1,0.0,0,0.0,0.0,0.0,0,0,0,0,0,Matches,ee950928
381,Dango Ouattara,bf BFA,MFFW,Bournemouth,21-076,2002,9.7,144,233,61.8,2197,742,81,111,73.0,45,71,63.4,10,24,41.7,3,1.9,0.8,+1.1,14,17,10,6,16,Matches,2f9e4435
382,Alex Oxlade-Chamberlain,eng ENG,FWMF,Liverpool,29-256,1993,3.7,75,106,70.8,1253,347,39,45,86.7,24,34,70.6,8,14,57.1,0,0.9,0.2,-0.9,5,8,2,0,14,Matches,38c7feef
383,David Ozoh,,FW,Crystal Palace,17-332,2005,0.0,3,3,100.0,24,0,3,3,100.0,0,0,,0,0,,0,0.0,0.0,0.0,0,0,0,0,0,Matches,d00d45ab
384,João Palhinha,pt POR,MF,Fulham,27-293,1995,28.7,843,1026,82.2,14730,3457,421,483,87.2,314,368,85.3,90,129,69.8,0,0.3,0.4,-0.3,6,101,3,0,89,Matches,a78ff07f
385,Cole Palmer,eng ENG,FWMF,Manchester City,20-357,2002,1.7,76,87,87.4,1228,166,39,41,95.1,31,34,91.2,4,8,50.0,0,0.2,0.3,-0.2,3,3,5,1,8,Matches,dc7f8a28
386,Emerson Palmieri,it ITA,DF,West Ham,28-268,1994,10.9,411,524,78.4,5823,2001,259,282,91.8,117,148,79.1,22,48,45.8,0,0.6,0.6,-0.6,9,25,8,3,35,Matches,e0bc6fdc
387,Lucas Paquetá,br BRA,MF,West Ham,25-244,1997,19.4,713,912,78.2,11146,3537,376,443,84.9,250,312,80.1,55,83,66.3,2,1.5,1.7,+0.5,24,79,25,3,114,Matches,9b6f7fd5
388,Thomas Partey,gh GHA,MF,Arsenal,29-319,1993,25.1,1544,1775,87.0,27217,8386,700,765,91.5,646,727,88.9,166,225,73.8,0,1.3,2.2,-1.3,24,213,20,2,205,Matches,529f49ab
389,Nathan Patterson,sct SCO,DFMF,Everton,21-194,2001,11.4,413,540,76.5,6140,2185,241,267,90.3,145,192,75.5,19,54,35.2,0,0.4,0.6,-0.4,5,17,6,2,20,Matches,230f0471
390,Ben Pearson,eng ENG,MF,Bournemouth,28-114,1995,3.2,108,134,80.6,1814,501,50,58,86.2,45,55,81.8,8,15,53.3,0,0.0,0.0,0.0,0,8,0,0,5,Matches,a6b461e7
391,Facundo Pellistri,uy URU,FWMF,Manchester Utd,21-129,2001,0.6,12,13,92.3,150,6,6,7,85.7,5,5,100.0,0,0,,0,0.0,0.0,0.0,0,0,0,0,0,Matches,ac7e7b1c
392,Andreas Pereira,br BRA,MF,Fulham,27-117,1996,29.3,687,1046,65.7,12872,4162,327,409,80.0,226,309,73.1,114,246,46.3,6,5.2,3.8,+0.8,60,85,21,9,120,Matches,6639e500
393,Ricardo Pereira,pt POR,DFMF,Leicester City,29-204,1993,4.3,228,285,80.0,3692,1328,114,130,87.7,100,117,85.5,10,20,50.0,1,0.5,0.6,+0.5,6,24,9,3,25,Matches,75a72a99
394,Ayoze Pérez,es ESP,MFFW,Leicester City,29-273,1993,4.2,118,171,69.0,1698,468,75,89,84.3,28,43,65.1,9,18,50.0,1,1.5,0.6,-0.5,11,13,6,0,20,Matches,819aa8e7
395,Ivan Perišić,hr CRO,DFMF,Tottenham,34-085,1989,22.4,674,1062,63.5,11913,3364,334,419,79.7,238,365,65.2,87,202,43.1,7,5.7,4.9,+1.3,45,25,35,23,58,Matches,6fe90922
396,Romain Perraud,fr FRA,DF,Southampton,25-218,1997,20.4,623,885,70.4,8776,3419,377,443,85.1,200,270,74.1,26,91,28.6,2,1.9,1.9,+0.1,15,47,15,8,62,Matches,6dfd8f05
397,Máximo Perrone,ar ARG,MF,Manchester City,20-111,2003,0.2,18,21,85.7,228,32,11,12,91.7,5,5,100.0,0,0,,0,0.0,0.0,0.0,0,0,0,0,2,Matches,53552942
398,Kalvin Phillips,eng ENG,MF,Manchester City,27-147,1995,1.2,122,134,91.0,2238,375,46,52,88.5,61,62,98.4,13,17,76.5,0,0.0,0.0,0.0,1,15,0,0,7,Matches,4f565d77
399,Nathaniel Phillips,eng ENG,DF,Liverpool,26-038,1997,0.7,71,82,86.6,1364,602,32,34,94.1,27,29,93.1,9,14,64.3,0,0.0,0.0,0.0,0,7,0,0,9,Matches,515ebe8d
400,Jordan Pickford,eng ENG,GK,Everton,29-052,1994,32.0,653,1137,57.4,21414,16561,141,142,99.3,216,220,98.2,289,762,37.9,1,0.1,0.3,+0.9,2,44,1,0,1,Matches,4806ec67
401,Ethan Pinnock,jm JAM,DF,Brentford,29-334,1993,25.0,717,920,77.9,13321,4652,259,310,83.5,371,435,85.3,72,138,52.2,0,1.0,1.0,-1.0,8,34,2,2,40,Matches,e541326e
402,Daniel Podence,pt POR,FWMF,Wolves,27-189,1995,18.1,421,626,67.3,6925,2141,215,283,76.0,133,198,67.2,47,84,56.0,0,2.4,1.9,-2.4,34,32,35,6,88,Matches,7fcc71d8
403,Nick Pope,eng ENG,GK,Newcastle Utd,31-009,1992,31.2,535,791,67.6,14990,10328,101,101,100.0,245,252,97.2,184,432,42.6,0,0.0,0.0,0.0,1,11,0,0,1,Matches,4b40d9ca
404,Pedro Porro,es ESP,DF,Tottenham,23-227,1999,8.5,316,428,73.8,5005,1705,166,185,89.7,115,157,73.2,25,55,45.5,1,1.5,1.2,-0.5,15,17,16,10,26,Matches,27d0a506
405,Dennis Praet,be BEL,MFFW,Leicester City,28-349,1994,6.7,187,252,74.2,2724,647,109,128,85.2,59,74,79.7,12,25,48.0,0,0.5,0.4,-0.5,3,10,5,1,16,Matches,86695068
406,Isaac Price,nir NIR,MF,Everton,19-214,2003,0.4,12,14,85.7,203,44,6,7,85.7,5,6,83.3,1,1,100.0,0,0.1,0.0,-0.1,1,1,0,0,1,Matches,b9403c99
407,Christian Pulisic,us USA,FWDF,Chelsea,24-222,1998,8.7,228,289,78.9,3079,536,149,171,87.1,62,79,78.5,9,17,52.9,1,0.7,0.4,+0.3,12,12,3,1,22,Matches,1bf33a9a
408,Aaron Ramsdale,eng ENG,GK,Arsenal,24-349,1998,33.0,654,948,69.0,16503,11264,159,165,96.4,327,334,97.9,167,444,37.6,0,0.0,0.0,0.0,0,24,2,0,8,Matches,466fb2c5
409,Jacob Ramsey,eng ENG,MFFW,Aston Villa,21-335,2001,24.3,638,771,82.7,9116,2402,385,434,88.7,194,233,83.3,33,43,76.7,5,3.5,2.0,+1.5,36,63,21,1,90,Matches,1544f145
410,Marcus Rashford,eng ENG,FW,Manchester Utd,25-179,1997,27.5,528,697,75.8,7539,1805,346,410,84.4,120,155,77.4,36,55,65.5,5,2.9,2.4,+2.1,24,33,38,2,67,Matches,a1d5bd30
411,David Raya,es ESP,GK,Brentford,27-225,1995,33.0,916,1420,64.5,30620,23734,116,120,96.7,395,403,98.0,404,891,45.3,0,0.1,0.1,-0.1,2,69,3,0,12,Matches,98ea5115
412,Tim Ream,us USA,DF,Fulham,35-205,1987,32.0,1657,1917,86.4,35479,12452,420,472,89.0,958,1032,92.8,265,377,70.3,0,0.1,0.3,-0.1,3,147,0,0,141,Matches,28b40c9c
413,Nathan Redmond,eng ENG,DF,Southampton,29-053,1994,0.0,0,1,0.0,0,0,0,0,,0,1,0.0,0,0,,0,0.0,0.0,0.0,0,0,0,0,0,Matches,ab651565
414,Harrison Reed,eng ENG,MF,Fulham,28-091,1995,27.7,847,1096,77.3,13312,3264,442,520,85.0,304,359,84.7,65,117,55.6,2,2.7,1.6,-0.7,30,70,26,10,91,Matches,803ae100
415,Bobby Reid,jm JAM,FWDF,Fulham,30-085,1993,26.0,616,876,70.3,9392,3024,330,400,82.5,220,311,70.7,34,80,42.5,1,1.7,1.5,-0.7,18,35,37,10,59,Matches,0f7533cd
416,Declan Rice,eng ENG,MF,West Ham,24-104,1999,32.0,1602,1853,86.5,29208,8101,750,835,89.8,618,661,93.5,201,288,69.8,1,3.2,1.7,-2.2,36,196,10,3,204,Matches,1c7012b8
417,Chris Richards,us USA,DF,Crystal Palace,23-031,2000,5.0,169,203,83.3,3129,991,66,79,83.5,84,96,87.5,19,27,70.4,0,0.3,0.0,-0.3,1,15,0,0,14,Matches,0a3d6d2b
418,Richarlison,br BRA,MFFW,Tottenham,25-353,1997,9.3,172,242,71.1,2565,644,93,122,76.2,54,74,73.0,11,15,73.3,3,2.1,1.4,+0.9,14,14,10,3,25,Matches,fa031b34
419,Jaïro Riedewald,nl NED,DFFW,Crystal Palace,26-231,1996,0.5,26,35,74.3,351,74,17,18,94.4,9,13,69.2,0,2,0.0,0,0.0,0.0,0.0,0,1,0,0,0,Matches,7a1f2c08
420,Matt Ritchie,sct SCO,FWMF,Newcastle Utd,33-230,1989,0.4,21,27,77.8,285,59,14,14,100.0,4,6,66.7,2,3,66.7,0,0.1,0.0,-0.1,1,0,0,0,0,Matches,71ef519e
421,Andrew Robertson,sct SCO,DF,Liverpool,29-048,1994,24.7,1523,1925,79.1,25577,7853,728,808,90.1,661,797,82.9,111,228,48.7,8,5.7,6.1,+2.3,48,92,31,13,130,Matches,2e4f5f03
422,Antonee Robinson,us USA,DF,Fulham,25-263,1997,28.3,1141,1569,72.7,19731,7882,509,591,86.1,497,648,76.7,112,250,44.8,1,1.1,1.5,-0.1,19,86,34,21,105,Matches,289601e6
423,Marc Roca,es ESP,MF,Leeds United,26-153,1996,24.0,921,1216,75.7,15717,6249,463,537,86.2,340,427,79.6,90,186,48.4,2,2.7,2.3,-0.7,31,147,15,2,160,Matches,da27e268
424,Marek Rodák,sk SVK,GK,Fulham,26-136,1996,2.0,29,61,47.5,1170,1037,3,3,100.0,8,9,88.9,17,48,35.4,0,0.0,0.0,0.0,0,0,0,0,0,Matches,17acc2ed
425,Rodri,es ESP,MF,Manchester City,26-310,1996,28.2,2400,2631,91.2,44191,10651,966,1042,92.7,1123,1203,93.3,272,318,85.5,6,4.0,3.3,+2.0,31,247,29,3,239,Matches,6434f10d
426,Rodrigo,es ESP,FWMF,Leeds United,32-053,1991,17.9,346,491,70.5,5017,945,196,247,79.4,95,139,68.3,29,50,58.0,1,1.5,0.9,-0.5,14,22,14,2,42,Matches,1fb1c435
427,Mads Roerslev,dk DEN,DF,Brentford,23-308,1999,12.2,186,291,63.9,2839,1049,107,137,78.1,60,82,73.2,13,42,31.0,0,1.0,0.7,-1.0,7,14,6,4,19,Matches,57c94db2
428,Cristian Romero,ar ARG,DF,Tottenham,25-001,1998,23.3,1229,1403,87.6,22327,7861,490,538,91.1,605,648,93.4,108,156,69.2,0,0.4,0.7,-0.4,6,81,8,0,90,Matches,a3d94a58
429,Oriol Romeu,es ESP,MF,Southampton,31-216,1991,0.8,28,30,93.3,453,79,10,11,90.9,15,16,93.8,2,2,100.0,0,0.0,0.2,0.0,0,0,2,0,4,Matches,4b511457
430,Cristiano Ronaldo,pt POR,FW,Manchester Utd,38-082,1985,5.8,121,162,74.7,1412,258,85,97,87.6,27,39,69.2,1,5,20.0,0,0.4,0.2,-0.4,6,7,1,0,12,Matches,dea698d9
431,Connor Ronan,ie IRL,MF,Wolves,25-053,1998,0.0,3,4,75.0,37,18,2,2,100.0,1,2,50.0,0,0,,0,0.0,0.0,0.0,0,3,0,0,0,Matches,1b804500
432,Salomón Rondón,ve VEN,FW,Everton,33-224,1989,1.2,22,29,75.9,203,35,15,21,71.4,3,3,100.0,0,0,,0,0.2,0.1,-0.2,2,2,1,0,1,Matches,b318a643
433,Joe Rothwell,eng ENG,MF,Bournemouth,28-107,1995,9.0,308,366,84.2,5217,1429,151,165,91.5,117,127,92.1,28,54,51.9,1,1.0,1.5,0.0,8,32,10,1,28,Matches,10a10454
434,Georginio Rutter,fr FRA,FWMF,Leeds United,21-008,2002,2.7,25,52,48.1,352,86,15,25,60.0,7,14,50.0,2,2,100.0,0,0.2,0.2,-0.2,3,1,1,0,5,Matches,c64c01fc
435,José Sá,pt POR,GK,Wolves,30-101,1993,33.0,783,1108,70.7,19284,12848,187,190,98.4,420,431,97.4,174,479,36.3,0,0.0,0.0,0.0,0,10,0,0,0,Matches,903b6e8b
436,Marcel Sabitzer,at AUT,MF,Manchester Utd,29-042,1994,5.7,204,262,77.9,3121,958,108,131,82.4,73,88,83.0,14,20,70.0,1,0.8,0.8,+0.2,7,26,5,1,33,Matches,e280527c
437,Allan Saint-Maximin,fr FRA,FW,Newcastle Utd,26-047,1997,11.1,273,393,69.5,4441,1340,144,183,78.7,95,139,68.3,25,35,71.4,5,3.8,2.5,+1.2,25,20,31,4,58,Matches,2b16cb1a
438,Bukayo Saka,eng ENG,FW,Arsenal,21-235,2001,30.9,934,1264,73.9,13669,3267,573,665,86.2,261,339,77.0,63,139,45.3,11,7.9,5.5,+3.1,69,47,57,12,93,Matches,bc7dc64d
439,Mohamed Salah,eg EGY,FW,Liverpool,30-317,1992,30.7,711,929,76.5,9546,2577,433,522,83.0,208,262,79.4,27,46,58.7,7,5.7,5.6,+1.3,53,40,63,5,119,Matches,e342ad68
440,William Saliba,fr FRA,DF,Arsenal,22-035,2001,26.8,1698,1865,91.0,29692,11617,715,767,93.2,844,905,93.3,108,144,75.0,1,1.2,0.3,-0.2,6,111,3,0,99,Matches,972aeb2a
441,Mohammed Salisu,gh GHA,DF,Southampton,24-011,1999,21.9,879,1196,73.5,16118,7370,360,412,87.4,426,538,79.2,86,209,41.1,1,0.6,0.5,+0.4,7,80,7,4,82,Matches,0b33f6ad
442,Albert Sambi Lokonga,be BEL,MF,Arsenal,23-188,1999,2.2,132,140,94.3,2321,539,59,62,95.2,60,63,95.2,11,12,91.7,0,0.0,0.1,0.0,1,17,1,0,12,Matches,1b4f1169
443,Albert Sambi Lokonga,be BEL,MF,Crystal Palace,23-188,1999,6.0,228,264,86.4,3763,1080,112,124,90.3,96,101,95.0,17,28,60.7,0,0.0,0.1,0.0,1,23,0,0,20,Matches,1b4f1169
444,Davinson Sánchez,co COL,DF,Tottenham,26-320,1996,7.5,404,463,87.3,7137,2088,154,163,94.5,225,242,93.0,20,42,47.6,0,0.1,0.2,-0.1,1,33,1,1,30,Matches,da7b447d
445,Robert Sánchez,es ESP,GK,Brighton,25-161,1997,23.0,604,781,77.3,13655,8845,203,204,99.5,283,292,96.9,111,270,41.1,0,0.0,0.0,0.0,0,11,0,0,0,Matches,6a713852
446,Jadon Sancho,eng ENG,FWMF,Manchester Utd,23-034,2000,13.9,480,571,84.1,5723,1273,338,376,89.9,97,114,85.1,10,20,50.0,2,2.3,2.3,-0.3,28,15,30,1,57,Matches,dbf053da
447,Morgan Sanson,fr FRA,MF,Aston Villa,28-253,1994,0.1,5,7,71.4,55,12,3,4,75.0,1,2,50.0,0,0,,0,0.0,0.0,0.0,0,0,0,0,1,Matches,6e7f1353
448,Pablo Sarabia,es ESP,FWMF,Wolves,30-352,1992,7.7,234,338,69.2,3568,1162,142,162,87.7,60,83,72.3,22,59,37.3,0,0.8,0.8,-0.8,11,24,13,4,36,Matches,9744ff80
449,Jeremy Sarmiento,ec ECU,MF,Brighton,20-316,2002,2.0,53,67,79.1,694,191,32,38,84.2,16,19,84.2,1,2,50.0,1,0.2,0.3,+0.8,2,4,5,1,11,Matches,ac0d576d
450,Gianluca Scamacca,it ITA,FW,West Ham,24-117,1999,10.3,118,177,66.7,2014,378,63,85,74.1,31,52,59.6,17,21,81.0,0,0.7,0.5,-0.7,13,14,5,1,17,Matches,8790f988
451,Gustavo Scarpa,br BRA,MFFW,Nott'ham Forest,29-113,1994,2.0,51,78,65.4,1112,454,16,19,84.2,26,31,83.9,8,18,44.4,0,0.0,0.0,0.0,1,10,0,0,12,Matches,2964fd20
452,Kevin Schade,de GER,FW,Brentford,21-152,2001,5.1,57,104,54.8,638,149,31,50,62.0,15,28,53.6,0,3,0.0,1,0.7,0.2,+0.3,6,3,2,0,8,Matches,52afb588
453,Fabian Schär,ch SUI,DF,Newcastle Utd,31-129,1991,29.6,1141,1495,76.3,23576,9510,390,458,85.2,574,673,85.3,169,328,51.5,3,3.0,1.8,0.0,16,112,16,1,118,Matches,c8aa95da
454,Jeffrey Schlupp,gh GHA,MFFW,Crystal Palace,30-126,1992,26.3,622,846,73.5,9880,2574,315,392,80.4,241,296,81.4,47,95,49.5,1,1.4,0.9,-0.4,18,54,10,0,92,Matches,3312f911
455,Nélson Semedo,pt POR,DF,Wolves,29-163,1993,24.8,1040,1291,80.6,15694,5317,600,660,90.9,371,454,81.7,52,108,48.1,1,0.7,0.9,+0.3,10,89,15,5,95,Matches,d04b94db
456,Antoine Semenyo,gh GHA,FWMF,Bournemouth,23-111,2000,2.7,34,51,66.7,506,149,21,30,70.0,11,12,91.7,2,4,50.0,0,0.0,0.0,0.0,1,5,0,0,5,Matches,efd2ec23
457,Marcos Senesi,ar ARG,DF,Bournemouth,25-353,1997,23.7,848,1068,79.4,17226,7503,276,310,89.0,445,509,87.4,114,203,56.2,0,0.5,0.3,-0.5,5,65,2,1,44,Matches,35141f4c
458,Ryan Sessegnon,eng ENG,DF,Tottenham,22-345,2000,9.0,280,390,71.8,4093,1075,178,213,83.6,81,120,67.5,16,29,55.2,0,1.1,1.1,-1.1,6,16,11,3,22,Matches,6aa3e78b
459,Luke Shaw,eng ENG,DF,Manchester Utd,27-290,1995,22.9,1376,1678,82.0,21540,8073,768,845,90.9,488,573,85.2,88,164,53.7,2,3.1,2.4,-1.1,30,138,27,13,111,Matches,9c94165b
460,Jonjo Shelvey,eng ENG,MF,Newcastle Utd,31-060,1992,0.4,19,26,73.1,442,176,5,6,83.3,8,10,80.0,4,8,50.0,0,0.0,0.0,0.0,0,4,0,0,3,Matches,3727dd3c
461,Jonjo Shelvey,eng ENG,MF,Nott'ham Forest,31-060,1992,6.0,221,302,73.2,4761,1861,73,86,84.9,98,112,87.5,47,98,48.0,0,0.3,0.8,-0.3,6,37,8,2,34,Matches,3727dd3c
462,Bernardo Silva,pt POR,MFFW,Manchester City,28-261,1994,22.3,1171,1374,85.2,18769,3189,634,685,92.6,409,470,87.0,88,137,64.2,5,2.9,3.6,+2.1,28,66,31,9,112,Matches,3eb22ec9
463,Thiago Silva,br BRA,DF,Chelsea,38-218,1984,21.1,1529,1692,90.4,29057,11606,558,590,94.6,807,842,95.8,153,231,66.2,2,0.4,0.8,+1.6,4,97,11,0,89,Matches,86e7deaf
464,Ellis Simms,eng ENG,FW,Everton,22-113,2001,2.5,37,61,60.7,497,105,19,30,63.3,9,17,52.9,3,3,100.0,0,0.1,0.4,-0.1,2,3,1,0,4,Matches,26d3b5be
465,Luis Sinisterra,co COL,FW,Leeds United,23-315,1999,9.6,273,339,80.5,3710,993,161,188,85.6,72,84,85.7,14,19,73.7,0,0.4,0.9,-0.4,9,18,17,2,39,Matches,8e16dd48
466,Oliver Skipp,eng ENG,MF,Tottenham,22-224,2000,12.0,484,569,85.1,7797,2028,239,263,90.9,198,217,91.2,30,45,66.7,0,0.6,0.3,-0.6,9,38,7,1,47,Matches,6250083a
467,Adam Smith,eng ENG,DF,Bournemouth,31-364,1991,28.7,832,1101,75.6,14266,6109,391,448,87.3,351,440,79.8,77,169,45.6,1,0.8,1.1,+0.2,11,62,23,14,76,Matches,20b104bc
468,Emile Smith Rowe,eng ENG,MFFW,Arsenal,22-274,2000,1.6,63,73,86.3,889,212,36,39,92.3,23,27,85.2,3,4,75.0,1,0.6,0.5,+0.4,5,3,3,0,5,Matches,17695062
469,Cédric Soares,pt POR,DF,Arsenal,31-240,1991,0.3,19,24,79.2,257,54,10,10,100.0,8,10,80.0,0,3,0.0,0,0.0,0.0,0.0,0,0,0,0,3,Matches,839c14e1
470,Cédric Soares,pt POR,DF,Fulham,31-240,1991,1.2,97,127,76.4,1526,396,56,62,90.3,33,42,78.6,7,17,41.2,0,0.1,0.1,-0.1,1,9,3,2,9,Matches,839c14e1
471,Dominic Solanke,eng ENG,FWMF,Bournemouth,25-226,1997,26.8,300,445,67.4,3871,888,188,248,75.8,83,111,74.8,12,17,70.6,7,3.5,2.1,+3.5,19,19,12,1,38,Matches,e77dc3b2
472,Manor Solomon,il ISR,FW,Fulham,23-278,1999,5.4,139,165,84.2,1939,458,84,96,87.5,44,48,91.7,5,9,55.6,0,0.3,0.5,-0.3,5,5,7,1,20,Matches,886f9aac
473,Tomáš Souček,cz CZE,MF,West Ham,28-060,1995,27.6,610,849,71.8,10118,3044,306,405,75.6,220,291,75.6,60,92,65.2,2,1.2,1.0,+0.8,14,61,10,5,81,Matches,6613c819
474,Boubakary Soumaré,fr FRA,MF,Leicester City,24-060,1999,13.3,606,703,86.2,9191,2449,330,360,91.7,228,261,87.4,28,42,66.7,0,0.3,0.4,-0.3,7,53,5,1,60,Matches,ae59b359
475,Harry Souttar,au AUS,DF,Leicester City,24-188,1998,10.0,436,535,81.5,8176,3141,142,157,90.4,258,293,88.1,32,70,45.7,1,0.2,0.1,+0.8,3,36,1,0,28,Matches,0a6cb1b1
476,Çağlar Söyüncü,tr TUR,DF,Leicester City,26-340,1996,3.9,148,189,78.3,2707,955,60,67,89.6,75,90,83.3,12,25,48.0,0,0.1,0.0,-0.1,1,6,0,0,7,Matches,21166ff4
477,Djed Spence,eng ENG,FWDF,Tottenham,22-262,2000,0.1,5,9,55.6,60,4,4,5,80.0,1,1,100.0,0,0,,0,0.0,0.0,0.0,0,0,0,0,0,Matches,9bc9a519
478,Jack Stacey,eng ENG,DF,Bournemouth,27-022,1996,3.3,72,126,57.1,1054,369,41,52,78.8,26,47,55.3,3,12,25.0,0,0.0,0.0,0.0,0,6,1,1,2,Matches,558807c0
479,Junior Stanislas,eng ENG,MF,Bournemouth,33-153,1989,0.7,22,28,78.6,329,71,12,14,85.7,9,11,81.8,0,1,0.0,0,0.1,0.2,-0.1,2,3,0,0,4,Matches,6992791d
480,Jay Stansfield,eng ENG,FW,Fulham,20-155,2002,1.0,9,23,39.1,82,32,7,8,87.5,1,7,14.3,0,3,0.0,0,0.1,0.0,-0.1,1,0,0,0,0,Matches,b2626673
481,Jason Steele,eng ENG,GK,Brighton,32-253,1990,7.0,209,237,88.2,4195,3056,88,88,100.0,80,80,100.0,39,65,60.0,1,0.1,0.2,+0.9,1,1,0,0,0,Matches,28300a16
482,Jack Stephens,eng ENG,DF,Southampton,29-091,1994,0.5,23,28,82.1,398,107,9,10,90.0,13,17,76.5,1,1,100.0,0,0.0,0.0,0.0,0,3,0,0,3,Matches,6adbc307
483,Jack Stephens,eng ENG,DF,Bournemouth,29-091,1994,13.0,446,543,82.1,8713,3133,156,173,90.2,233,263,88.6,53,94,56.4,0,0.2,0.2,-0.2,3,37,3,2,34,Matches,6adbc307
484,Raheem Sterling,eng ENG,FWMF,Chelsea,28-141,1994,17.2,421,565,74.5,5317,1153,261,312,83.7,116,156,74.4,14,24,58.3,2,4.1,2.9,-2.1,29,21,29,8,50,Matches,b400bde0
485,John Stones,eng ENG,DFMF,Manchester City,28-335,1994,17.2,1243,1335,93.1,21039,5915,589,615,95.8,547,581,94.1,88,109,80.7,2,1.3,0.9,+0.7,6,100,2,0,93,Matches,5eecec3d
486,Pascal Struijk,nl NED,DF,Leeds United,23-260,1999,22.7,1005,1251,80.3,15202,6491,549,623,88.1,379,457,82.9,49,98,50.0,1,2.3,1.1,-1.3,13,87,12,3,114,Matches,f4d296e4
487,Kamaldeen Sulemana,gh GHA,FWMF,Southampton,21-072,2002,8.1,154,212,72.6,2437,535,77,95,81.1,53,63,84.1,14,28,50.0,0,0.5,0.4,-0.5,12,10,9,1,33,Matches,a62f8bf1
488,Crysencio Summerville,nl NED,FW,Leeds United,21-180,2001,14.2,286,382,74.9,3584,1024,192,236,81.4,67,85,78.8,9,24,37.5,2,1.6,1.0,+0.4,14,18,11,2,40,Matches,df04eb4b
489,Sam Surridge,eng ENG,FW,Nott'ham Forest,24-274,1998,3.5,36,75,48.0,504,168,22,42,52.4,12,22,54.5,1,3,33.3,0,0.1,0.0,-0.1,1,4,0,0,6,Matches,b017b770
490,Japhet Tanganga,eng ENG,DF,Tottenham,24-028,1999,1.6,82,93,88.2,1323,541,42,47,89.4,34,38,89.5,5,7,71.4,0,0.0,0.0,0.0,0,4,1,1,5,Matches,e9971f2d
491,Matt Targett,eng ENG,DF,Newcastle Utd,27-222,1995,5.8,286,367,77.9,4659,2097,146,165,88.5,120,137,87.6,17,53,32.1,0,0.4,0.6,-0.4,9,19,5,0,39,Matches,e514ab62
492,James Tarkowski,eng ENG,DF,Everton,30-160,1992,33.0,1210,1488,81.3,24246,9416,404,458,88.2,640,729,87.8,154,274,56.2,1,2.2,1.8,-1.2,14,87,2,0,97,Matches,15ea812b
493,Marcus Tavernier,eng ENG,MFFW,Bournemouth,24-037,1999,19.4,508,722,70.4,8026,2422,283,337,84.0,164,224,73.2,41,101,40.6,4,2.9,1.4,+1.1,19,34,16,5,56,Matches,5c0da4a4
494,Tetê,br BRA,FW,Leicester City,23-072,2000,7.3,162,230,70.4,2632,598,85,109,78.0,52,71,73.2,16,25,64.0,0,0.4,0.3,-0.4,6,15,4,1,23,Matches,7120a04d
495,Kenny Tete,nl NED,DF,Fulham,27-201,1995,23.5,919,1272,72.2,14740,6154,482,565,85.3,349,485,72.0,68,137,49.6,4,1.7,1.6,+2.3,21,61,23,17,84,Matches,77d7c96f
496,Luke Thomas,eng ENG,DF,Leicester City,21-322,2001,8.5,387,485,79.8,6006,2527,214,241,88.8,149,181,82.3,21,39,53.8,0,0.7,0.4,-0.7,4,27,4,2,37,Matches,fc027d02
497,Youri Tielemans,be BEL,MF,Leicester City,25-356,1997,21.4,1117,1377,81.1,18572,6449,541,611,88.5,440,511,86.1,102,176,58.0,1,3.7,3.1,-2.7,24,143,27,7,163,Matches,56f7a928
498,Kieran Tierney,sct SCO,DF,Arsenal,25-327,1997,6.9,313,417,75.1,5744,1718,129,147,87.8,150,186,80.6,29,58,50.0,1,0.3,0.4,+0.7,4,32,6,1,30,Matches,fce2302c
499,Harry Toffolo,eng ENG,DF,Nott'ham Forest,27-252,1995,9.8,226,366,61.7,3549,1749,128,156,82.1,85,138,61.6,10,46,21.7,0,0.8,0.9,-0.8,5,12,7,4,26,Matches,a105d46a
500,Takehiro Tomiyasu,jp JPN,DF,Arsenal,24-174,1998,7.4,384,474,81.0,6453,2036,173,200,86.5,171,199,85.9,30,56,53.6,1,0.6,0.2,+0.4,4,41,6,2,51,Matches,b3af9be1
501,James Tomkins,eng ENG,DF,Crystal Palace,34-030,1989,3.8,138,171,80.7,2645,822,47,55,85.5,79,87,90.8,12,27,44.4,0,0.0,0.0,0.0,0,2,0,0,2,Matches,e7ca0439
502,Ivan Toney,eng ENG,FW,Brentford,27-043,1996,30.8,441,752,58.6,5595,1940,282,405,69.6,95,170,55.9,23,51,45.1,4,4.9,3.4,-0.9,25,52,24,5,73,Matches,e09f279b
503,Adama Traoré,es ESP,FWMF,Wolves,27-093,1996,14.3,289,439,65.8,4279,1059,179,239,74.9,73,113,64.6,23,39,59.0,1,3.5,2.9,-2.5,21,15,19,13,32,Matches,9a28eba4
504,Bertrand Traoré,bf BFA,FW,Aston Villa,27-234,1995,1.8,41,52,78.8,646,173,22,26,84.6,16,18,88.9,2,2,100.0,0,0.1,0.1,-0.1,1,1,3,2,7,Matches,c47541e0
505,Boubacar Traoré,ml MLI,MF,Wolves,21-251,2001,4.3,97,125,77.6,1641,548,44,53,83.0,47,54,87.0,5,10,50.0,1,0.2,0.1,+0.8,1,16,1,0,8,Matches,999ceb5f
506,Mark Travers,ie IRL,GK,Bournemouth,23-345,1999,10.5,244,324,75.3,7221,5230,83,83,100.0,82,83,98.8,78,157,49.7,0,0.0,0.0,0.0,0,4,0,0,0,Matches,fe558029
507,Kieran Trippier,eng ENG,DF,Newcastle Utd,32-221,1990,31.1,1624,2285,71.1,30913,13954,718,819,87.7,608,807,75.3,269,551,48.8,6,9.6,9.6,-3.6,92,140,81,25,207,Matches,21512407
508,Leandro Trossard,be BEL,FW,Arsenal,28-145,1994,7.1,260,335,77.6,4347,1029,124,141,87.9,100,120,83.3,27,44,61.4,8,3.7,2.5,+4.3,15,16,21,4,43,Matches,38ceb24a
509,Leandro Trossard,be BEL,FWMF,Brighton,28-145,1994,14.6,379,529,71.6,6222,1920,199,236,84.3,124,178,69.7,40,63,63.5,2,2.1,2.1,-0.1,23,42,25,7,67,Matches,38ceb24a
510,Kostas Tsimikas,gr GRE,DF,Liverpool,26-351,1996,6.9,374,489,76.5,6584,1864,181,212,85.4,134,164,81.7,50,90,55.6,4,1.5,1.1,+2.5,17,15,6,3,22,Matches,f315ca93
511,Deniz Undav,de GER,FWMF,Brighton,26-283,1996,3.0,58,72,80.6,657,122,40,46,87.0,12,14,85.7,1,4,25.0,0,0.8,0.7,-0.8,6,1,2,0,3,Matches,dd549382
512,Yan Valery,tn TUN,DF,Southampton,24-065,1999,0.5,15,23,65.2,213,39,9,10,90.0,4,6,66.7,1,5,20.0,0,0.0,0.0,0.0,0,1,0,0,0,Matches,531a4aa8
513,Virgil van Dijk,nl NED,DF,Liverpool,31-294,1991,26.5,1983,2201,90.1,39240,14136,673,724,93.0,1076,1138,94.6,215,300,71.7,0,0.3,0.6,-0.3,5,134,6,0,113,Matches,e06683ca
514,Raphaël Varane,fr FRA,DF,Manchester Utd,30-003,1993,18.3,817,952,85.8,15396,4757,266,299,89.0,483,524,92.2,57,106,53.8,0,0.2,0.3,-0.2,4,67,3,0,53,Matches,9f8e9423
515,Jamie Vardy,eng ENG,FW,Leicester City,36-107,1987,17.0,119,222,53.6,1672,340,61,100,61.0,40,74,54.1,6,14,42.9,4,1.2,0.6,+2.8,13,7,5,1,13,Matches,45963054
516,Joël Veltman,nl NED,DF,Brighton,31-103,1992,22.1,1179,1414,83.4,20450,6685,496,553,89.7,580,662,87.6,82,139,59.0,1,0.5,0.9,+0.5,8,152,10,4,142,Matches,dad4b285
517,Fabio Vieira,pt POR,MF,Arsenal,22-333,2000,5.3,217,268,81.0,3252,771,121,132,91.7,75,89,84.3,9,23,39.1,2,2.5,1.4,-0.5,11,23,7,2,30,Matches,6412cc03
518,Matías Viña,uy URU,DFMF,Bournemouth,25-170,1997,2.1,58,78,74.4,840,328,40,44,90.9,16,20,80.0,2,9,22.2,0,0.2,0.1,-0.2,2,6,1,0,8,Matches,08eb3b58
519,Rúben Vinagre,pt POR,DFMF,Everton,24-019,1999,0.3,15,24,62.5,223,26,7,10,70.0,7,10,70.0,0,0,,0,0.0,0.0,0.0,0,2,0,0,0,Matches,b937e490
520,Carlos Vinícius,br BRA,FW,Fulham,28-034,1995,8.6,86,139,61.9,1030,278,50,73,68.5,21,32,65.6,3,7,42.9,1,0.6,0.7,+0.4,5,8,5,1,9,Matches,8b529245
521,Theo Walcott,eng ENG,FWMF,Southampton,34-043,1989,9.1,123,181,68.0,1611,345,81,102,79.4,31,52,59.6,2,8,25.0,1,1.1,1.1,-0.1,10,5,3,2,7,Matches,1ecb65be
522,Kyle Walker,eng ENG,DF,Manchester City,32-335,1990,15.3,1158,1336,86.7,20203,5586,517,559,92.5,530,589,90.0,97,148,65.5,0,0.2,0.5,-0.2,5,124,6,2,116,Matches,86dd77d1
523,Kyle Walker-Peters,eng ENG,DF,Southampton,26-015,1997,24.4,833,1102,75.6,12382,4989,488,542,90.0,278,373,74.5,43,101,42.6,0,1.1,2.2,-1.1,13,59,26,8,86,Matches,984a5a64
524,Aaron Wan-Bissaka,eng ENG,DF,Manchester Utd,25-153,1997,11.0,504,603,83.6,6834,2505,321,347,92.5,136,168,81.0,20,33,60.6,0,0.9,0.8,-0.9,10,37,8,2,42,Matches,9e525177
525,Danny Ward,wls WAL,GK,Leicester City,29-310,1993,26.0,708,945,74.9,16865,10488,197,199,99.0,352,355,99.2,158,383,41.3,0,0.0,0.0,0.0,0,7,0,0,0,Matches,d3ce0e89
526,Joel Ward,eng ENG,DF,Crystal Palace,33-181,1989,20.1,709,946,74.9,11375,5174,364,421,86.5,280,347,80.7,45,127,35.4,0,0.2,0.4,-0.2,6,55,6,4,72,Matches,8a7ff278
527,James Ward-Prowse,eng ENG,MF,Southampton,28-178,1994,32.5,1521,1938,78.5,25830,7777,734,814,90.2,606,719,84.3,140,311,45.0,2,5.4,4.5,-3.4,66,168,29,15,178,Matches,3515d404
528,Ollie Watkins,eng ENG,FW,Aston Villa,27-119,1995,29.8,354,508,69.7,4253,789,236,309,76.4,75,110,68.2,12,15,80.0,6,3.3,2.4,+2.7,26,23,15,2,35,Matches,aed3a70f
529,Adam Webster,eng ENG,DF,Brighton,28-114,1995,18.8,1262,1439,87.7,23534,8500,452,492,91.9,692,763,90.7,108,154,70.1,0,0.1,0.3,-0.1,4,104,4,1,96,Matches,c40b6180
530,Wout Weghorst,nl NED,FWMF,Manchester Utd,30-264,1992,7.4,116,160,72.5,1362,338,75,99,75.8,21,27,77.8,5,11,45.5,1,0.9,0.9,+0.1,11,7,1,0,14,Matches,c4e87b8b
531,Danny Welbeck,eng ENG,FW,Brighton,32-153,1990,16.6,277,334,82.9,3268,582,177,202,87.6,73,85,85.9,2,7,28.6,2,2.7,1.5,-0.7,20,20,11,0,37,Matches,ce5143da
532,Ben White,eng ENG,DF,Arsenal,25-202,1997,28.9,1625,1947,83.5,27115,9159,764,841,90.8,733,841,87.2,97,186,52.2,5,3.0,3.3,+2.0,23,193,38,11,219,Matches,35e413f1
533,Harvey White,eng ENG,MF,Tottenham,21-221,2001,0.1,3,8,37.5,54,21,2,3,66.7,0,2,0.0,1,3,33.3,0,0.0,0.0,0.0,0,0,1,1,0,Matches,4d90ce8c
534,Joseph Whitworth,eng ENG,GK,Crystal Palace,19-058,2004,2.0,61,83,73.5,1486,886,12,12,100.0,36,37,97.3,13,34,38.2,0,0.0,0.0,0.0,0,0,0,0,0,Matches,3f847d95
535,Neco Williams,wls WAL,DF,Nott'ham Forest,22-015,2001,20.9,533,840,63.5,9565,3461,254,307,82.7,196,286,68.5,68,177,38.4,0,1.4,1.2,-1.4,15,29,14,9,33,Matches,dd323728
536,Willian,br BRA,FW,Fulham,34-262,1988,19.0,560,716,78.2,9514,1862,283,332,85.2,195,237,82.3,64,104,61.5,3,3.1,1.8,-0.1,36,35,22,1,90,Matches,8b9ebd03
537,Joe Willock,eng ENG,MF,Newcastle Utd,23-251,1999,25.0,700,858,81.6,10906,2717,398,448,88.8,231,270,85.6,52,78,66.7,6,5.2,3.9,+0.8,30,76,29,7,105,Matches,a3b03921
538,Callum Wilson,eng ENG,FW,Newcastle Utd,31-060,1992,16.7,140,205,68.3,1758,294,94,121,77.7,31,40,77.5,4,10,40.0,4,2.2,1.8,+1.8,18,8,6,0,17,Matches,c596fcb0
539,Harry Wilson,wls WAL,FW,Fulham,26-037,1997,7.3,190,253,75.1,2982,568,101,114,88.6,67,83,80.7,13,30,43.3,0,0.2,0.3,-0.2,4,13,4,0,23,Matches,c6dc9ecd
540,Yoane Wissa,cd COD,FW,Brentford,26-237,1996,14.7,198,288,68.8,2668,509,134,160,83.8,43,66,65.2,10,25,40.0,2,2.3,0.9,-0.3,10,19,8,0,24,Matches,2500cef9
541,Maximilian Wöber,at AUT,DF,Leeds United,25-083,1998,9.8,343,488,70.3,6688,2899,120,154,77.9,186,233,79.8,34,85,40.0,0,0.5,0.3,-0.5,5,39,2,1,38,Matches,4b803b3c
542,Chris Wood,nz NZL,FW,Newcastle Utd,31-142,1991,5.0,66,106,62.3,786,149,40,67,59.7,16,25,64.0,4,5,80.0,0,0.3,0.3,-0.3,3,3,1,0,4,Matches,4e9a0555
543,Chris Wood,nz NZL,FW,Nott'ham Forest,31-142,1991,4.1,43,71,60.6,581,139,26,43,60.5,14,22,63.6,1,2,50.0,0,0.2,0.1,-0.2,3,5,2,0,7,Matches,4e9a0555
544,Joe Worrall,eng ENG,DF,Nott'ham Forest,26-108,1997,20.4,790,1010,78.2,16447,5996,233,285,81.8,425,492,86.4,125,210,59.5,0,0.8,0.6,-0.8,5,66,6,0,57,Matches,a5212312
545,Granit Xhaka,ch SUI,MF,Arsenal,30-213,1992,29.1,1258,1486,84.7,20615,5408,617,694,88.9,499,576,86.6,104,128,81.3,5,4.5,3.7,+0.5,42,135,38,3,184,Matches,e61b8aee
546,Ryan Yates,eng ENG,MF,Nott'ham Forest,25-158,1997,16.6,390,500,78.0,6592,1588,170,206,82.5,178,204,87.3,30,54,55.6,2,1.2,0.4,+0.8,7,22,2,0,37,Matches,c1fe2a48
547,Ashley Young,eng ENG,DF,Aston Villa,37-293,1985,19.8,784,1045,75.0,14088,5426,360,407,88.5,344,427,80.6,71,164,43.3,0,0.9,0.7,-0.9,13,75,17,5,96,Matches,be927d03
548,Illia Zabarnyi,ua UKR,DF,Bournemouth,20-239,2002,0.3,5,6,83.3,143,108,0,0,,3,3,100.0,2,3,66.7,0,0.0,0.0,0.0,0,2,0,0,1,Matches,88968486
549,Wilfried Zaha,ci CIV,FWMF,Crystal Palace,30-169,1992,22.9,430,553,77.8,5999,1327,276,314,87.9,123,152,80.9,17,33,51.5,2,2.5,2.6,-0.5,23,16,34,2,60,Matches,b2bc3b1f
550,Denis Zakaria,ch SUI,MF,Chelsea,26-159,1996,4.6,158,179,88.3,2222,571,90,98,91.8,54,56,96.4,5,6,83.3,0,0.0,0.1,0.0,1,8,0,0,6,Matches,384d58d9
551,Jordan Zemura,zw ZIM,DF,Bournemouth,23-165,1999,16.2,423,594,71.2,6117,3247,242,284,85.2,133,187,71.1,23,55,41.8,1,1.9,2.1,-0.9,18,32,12,5,45,Matches,e8271ad9
552,Oleksandr Zinchenko,ua UKR,DF,Arsenal,26-134,1996,22.1,1553,1798,86.4,25363,7292,770,834,92.3,644,739,87.1,102,143,71.3,2,1.4,2.3,+0.6,19,189,39,4,215,Matches,51cf8561
553,Hakim Ziyech,ma MAR,FWMF,Chelsea,30-040,1993,6.7,221,344,64.2,3619,1354,128,147,87.1,67,107,62.6,22,61,36.1,1,1.5,1.3,-0.5,11,19,15,7,36,Matches,6622454d
554,Kurt Zouma,fr FRA,DF,West Ham,28-183,1994,21.4,688,815,84.4,13317,4381,238,262,90.8,359,401,89.5,79,128,61.7,0,0.1,0.1,-0.1,1,19,2,0,30,Matches,ce4246f5
555,Martin Ødegaard,no NOR,MF,Arsenal,24-132,1998,30.2,1261,1566,80.5,19796,5362,652,746,87.4,454,543,83.6,101,158,63.9,7,7.1,7.0,-0.1,66,117,83,4,234,Matches,79300479