,,,,,,,,Touches,,,,,,,Take-Ons,,,,,Carries,,,,,,,,Receiving,,,-additional
Rk,Player,Nation,Pos,Squad,Age,Born,90s,Touches,Def Pen,Def 3rd,Mid 3rd,Att 3rd,Att Pen,Live,Att,Succ,Succ%,Tkld,Tkld%,Carries,TotDist,PrgDist,PrgC,1/3,CPA,Mis,Dis,Rec,PrgR,Matches,-9999
1,Brenden Aaronson,us USA,MFFW,Leeds United,22-188,2000,25.5,1105,11,111,475,541,67,1105,100,34,34.0,48,48.0,666,3570,1500,43,33,13,69,79,746,147,Matches,5bc43860
2,Che Adams,sct SCO,FW,Southampton,26-289,1996,21.1,681,26,63,274,356,96,681,30,15,50.0,11,36.7,382,1506,437,14,11,9,65,24,529,104,Matches,f2bf1b0f
3,Tyler Adams,us USA,MF,Leeds United,24-073,1999,24.0,1628,44,376,1010,254,5,1628,22,7,31.8,12,54.5,818,3342,1555,19,21,0,28,18,919,20,Matches,2b09d998
4,Tosin Adarabioyo,eng ENG,DF,Fulham,25-216,1997,17.2,1122,173,562,530,37,14,1122,6,4,66.7,2,33.3,596,3273,2013,15,11,1,2,4,686,3,Matches,c81d773d
5,Nayef Aguerd,ma MAR,DF,West Ham,27-029,1996,13.7,710,124,415,275,26,15,710,6,4,66.7,0,0.0,409,1595,841,2,1,0,8,4,439,4,Matches,288e1e13
6,Naouirou Ahamada,fr FRA,MFFW,Crystal Palace,21-030,2002,1.0,63,0,12,35,16,4,63,2,1,50.0,1,50.0,31,177,70,1,2,1,5,0,38,11,Matches,a6c58494
7,Rayan Aït Nouri,dz ALG,DF,Wolves,21-326,2001,11.5,709,39,224,263,232,28,709,45,24,53.3,18,40.0,378,2150,1216,30,13,10,27,10,430,76,Matches,9b398aea
8,Kristoffer Ajer,no NOR,DF,Brentford,25-011,1998,8.5,412,45,184,167,64,9,412,7,1,14.3,4,57.1,213,1123,613,10,5,0,3,8,231,12,Matches,a8c0acb7
9,Manuel Akanji,ch SUI,DF,Manchester City,27-283,1995,21.6,1853,109,700,1025,136,28,1853,7,5,71.4,1,14.3,1283,7198,4309,22,36,1,9,2,1438,12,Matches,89ac64a6
10,Nathan Aké,nl NED,DF,Manchester City,28-069,1995,18.7,1760,77,570,987,212,27,1760,5,3,60.0,1,20.0,1105,4917,2994,22,15,3,16,0,1342,28,Matches,eaeca114
11,Marc Albrighton,eng ENG,FWMF,Leicester City,33-161,1989,2.6,173,6,33,61,79,5,173,2,2,100.0,0,0.0,83,391,147,4,4,0,4,2,116,18,Matches,b827d5b3
12,Thiago Alcántara,es ESP,MF,Liverpool,32-017,1991,13.9,1251,45,272,796,188,8,1251,30,21,70.0,4,13.3,718,3639,1721,13,21,0,13,22,910,24,Matches,77e84962
13,Carlos Alcaraz,ar ARG,MFFW,Southampton,20-149,2002,7.2,295,11,48,154,95,20,295,16,8,50.0,5,31.3,176,769,390,10,13,1,24,19,202,25,Matches,4abac767
14,Trent Alexander-Arnold,eng ENG,DF,Liverpool,24-203,1998,26.5,2575,80,604,1320,667,36,2575,27,18,66.7,7,25.9,1441,5227,2547,35,28,6,30,17,1652,122,Matches,cd1acf9d
15,Alisson,br BRA,GK,Liverpool,30-208,1992,32.0,1341,1000,1308,34,0,0,1341,1,1,100.0,0,0.0,854,4007,2506,0,0,0,1,0,786,0,Matches,7a2e46a8
16,Dele Alli,eng ENG,MF,Everton,27-017,1996,0.4,20,0,1,8,11,2,20,1,0,0.0,1,100.0,11,30,3,0,0,0,3,1,14,1,Matches,cea4ee8f
17,Miguel Almirón,py PAR,FW,Newcastle Utd,29-077,1994,23.4,1091,20,124,357,630,104,1091,64,25,39.1,28,43.8,697,4625,1998,65,36,21,40,20,773,218,Matches,862a1c15
18,Julián Álvarez,ar ARG,FWMF,Manchester City,23-087,2000,10.2,389,7,24,161,207,53,388,16,10,62.5,5,31.3,218,1235,531,22,7,12,17,14,287,58,Matches,15ab5a2b
19,Daniel Amartey,gh GHA,DF,Leicester City,28-128,1994,17.9,1279,185,658,578,46,9,1279,5,2,40.0,2,40.0,779,3720,2275,23,11,0,8,4,909,5,Matches,1a4ef233
20,Joachim Andersen,dk DEN,DF,Crystal Palace,26-332,1996,25.9,1879,326,1063,757,68,29,1879,8,5,62.5,3,37.5,1032,5056,2661,7,4,2,8,2,1202,6,Matches,e34fc66d
21,Elliot Anderson,sct SCO,MFFW,Newcastle Utd,20-173,2002,2.4,167,2,25,58,90,29,167,20,5,25.0,10,50.0,93,660,336,16,7,8,4,9,105,20,Matches,de31038e
22,Jaidon Anthony,eng ENG,MFFW,Bournemouth,23-148,1999,12.3,630,16,121,234,281,32,630,43,13,30.2,29,67.4,369,2193,926,27,22,12,22,16,402,67,Matches,e4238fb1
23,Michail Antonio,jm JAM,FW,West Ham,33-031,1990,16.9,496,11,32,220,256,67,496,51,18,35.3,25,49.0,319,2085,978,37,23,15,61,38,400,97,Matches,ac05f970
24,Antony,br BRA,FW,Manchester Utd,23-063,2000,16.0,850,8,112,279,480,61,850,60,20,33.3,33,55.0,622,3881,1993,74,50,24,31,8,649,130,Matches,99127249
25,Cameron Archer,eng ENG,FWMF,Aston Villa,21-281,2001,0.5,15,0,1,8,7,3,15,1,1,100.0,0,0.0,15,114,72,3,1,1,2,3,13,3,Matches,05e8ca6d
26,Alphonse Areola,fr FRA,GK,West Ham,30-060,1993,3.4,98,91,98,0,0,0,98,0,0,,0,,53,253,153,0,0,0,0,0,42,0,Matches,2f965a72
27,Joe Aribo,ng NGA,MFFW,Southampton,26-281,1996,12.8,538,13,83,251,216,46,538,39,17,43.6,21,53.8,284,1249,610,19,10,7,32,20,340,62,Matches,328f7d51
28,Adam Armstrong,eng ENG,FW,Southampton,26-077,1997,14.0,441,10,67,169,215,44,441,41,13,31.7,23,56.1,248,2254,955,38,27,10,24,22,265,67,Matches,68c720b5
29,Stuart Armstrong,sct SCO,MFFW,Southampton,31-029,1992,12.7,729,17,111,332,296,31,729,44,18,40.9,19,43.2,455,3218,1661,49,40,7,24,23,513,70,Matches,97333cf5
30,Kepa Arrizabalaga,es ESP,GK,Chelsea,28-207,1994,23.5,925,724,911,14,0,0,925,1,1,100.0,0,0.0,548,2452,1453,0,0,0,1,0,492,0,Matches,28d596a0
31,Pierre-Emerick Aubameyang,ga GAB,FW,Chelsea,33-314,1989,5.7,152,6,15,62,78,22,152,5,3,60.0,2,40.0,83,519,254,9,6,4,10,4,113,28,Matches,d5dd5f1f
32,Ludwig Augustinsson,se SWE,DF,Aston Villa,29-007,1994,0.9,51,3,19,15,17,2,51,1,0,0.0,1,100.0,29,180,27,0,2,0,0,0,21,3,Matches,9fec8860
33,Serge Aurier,ci CIV,DF,Nott'ham Forest,30-125,1992,16.9,1055,81,395,437,234,10,1055,24,11,45.8,8,33.3,449,2076,1221,33,23,0,24,14,485,43,Matches,5c2b4f07
34,Taiwo Awoniyi,ng NGA,FW,Nott'ham Forest,25-259,1997,11.4,321,14,45,131,150,43,321,18,5,27.8,10,55.6,188,998,401,13,12,7,49,23,208,41,Matches,e5478b87
35,Yasin Ayari,se SWE,MF,Brighton,19-204,2003,0.1,12,0,2,7,3,0,12,0,0,,0,,9,39,25,0,0,0,0,0,10,0,Matches,f173303a
36,André Ayew,gh GHA,FWMF,Nott'ham Forest,33-132,1989,3.1,90,9,12,44,34,8,89,4,1,25.0,2,50.0,36,236,93,3,3,2,3,4,55,15,Matches,5dbefa9d
37,Jordan Ayew,gh GHA,FWMF,Crystal Palace,31-229,1991,25.2,1119,42,167,523,461,77,1119,124,52,41.9,49,39.5,669,4274,1916,69,36,24,91,68,769,146,Matches,da052c14
38,Luke Ayling,eng ENG,DF,Leeds United,31-246,1991,17.8,1152,61,396,465,307,45,1152,29,11,37.9,16,55.2,509,2277,1160,21,16,3,21,9,558,71,Matches,420d7c7d
39,César Azpilicueta,es ESP,DF,Chelsea,33-243,1989,12.8,977,68,339,395,248,19,977,9,5,55.6,4,44.4,470,1993,1176,17,15,0,9,3,588,66,Matches,53cad200
40,Benoît Badiashile,fr FRA,DF,Chelsea,22-033,2001,8.1,728,81,379,339,17,7,728,2,0,0.0,2,100.0,496,2332,1370,9,1,0,1,1,529,1,Matches,06df8256
41,Leon Bailey,jm JAM,FWMF,Aston Villa,25-262,1997,19.3,728,13,78,246,417,76,728,95,34,35.8,50,52.6,467,3615,1524,76,29,33,42,51,509,166,Matches,3a233281
42,Stefan Bajcetic,es ESP,MF,Liverpool,18-188,2004,5.8,324,6,66,189,74,5,324,16,7,43.8,4,25.0,175,990,450,10,7,0,7,6,204,1,Matches,32e8417f
43,Patrick Bamford,eng ENG,FW,Leeds United,29-235,1993,13.8,458,17,30,214,220,67,457,28,9,32.1,16,57.1,238,974,384,15,13,11,47,16,318,82,Matches,93feac6e
44,Shandon Baptiste,gd GRN,MF,Brentford,25-020,1998,6.1,326,11,77,168,88,7,326,13,6,46.2,3,23.1,216,957,452,8,12,3,16,7,217,22,Matches,2886c9b5
45,Harvey Barnes,eng ENG,FWMF,Leicester City,25-140,1997,26.2,993,11,98,386,525,115,993,77,21,27.3,47,61.0,629,4424,2318,86,68,39,66,36,785,235,Matches,3ea50f67
46,Gavin Bazunu,ie IRL,GK,Southampton,21-067,2002,32.0,1253,910,1234,19,0,0,1253,0,0,,0,,746,3699,2072,0,0,0,0,0,599,0,Matches,c91441dc
47,Mads Bech Sørensen,dk DEN,DFMF,Brentford,24-111,1999,0.2,14,1,4,8,2,0,14,0,0,,0,,2,3,0,0,0,0,0,0,5,0,Matches,30db8574
48,Jan Bednarek,pl POL,DF,Southampton,27-016,1996,13.6,832,125,450,356,29,13,832,2,1,50.0,1,50.0,426,1792,1040,4,1,0,2,1,429,2,Matches,4115ce4e
49,Jan Bednarek,pl POL,DF,Aston Villa,27-016,1996,1.1,79,9,39,40,1,0,79,0,0,,0,,47,291,177,1,0,0,0,0,53,0,Matches,4115ce4e
50,Donny van de Beek,nl NED,MF,Manchester Utd,26-010,1997,1.9,72,1,3,23,46,11,72,3,2,66.7,1,33.3,39,148,85,2,3,0,2,2,53,20,Matches,50dc94ce
51,Asmir Begović,ba BIH,GK,Everton,35-312,1987,1.0,33,31,33,0,0,0,33,0,0,,0,,19,75,47,0,0,0,0,0,13,0,Matches,7b4de647
52,Armel Bella Kotchap,de GER,DF,Southampton,21-138,2001,19.5,1111,185,599,474,45,21,1111,11,4,36.4,3,27.3,637,3331,1788,9,12,2,9,6,624,2,Matches,a39d11bc
53,Saïd Benrahma,dz ALG,FWMF,West Ham,27-261,1995,20.4,944,14,115,333,513,76,940,112,46,41.1,50,44.6,613,4630,2312,92,48,33,50,37,697,208,Matches,5a04fd92
54,Rodrigo Bentancur,uy URU,MF,Tottenham,25-307,1997,16.7,1071,52,295,612,175,19,1071,34,21,61.8,11,32.4,581,3001,1444,26,14,1,22,17,732,19,Matches,3b8674e6
55,Victor Bernth Kristiansen,dk DEN,DF,Leicester City,20-133,2002,9.0,553,30,213,231,113,4,553,14,7,50.0,4,28.6,252,1348,666,16,8,0,10,9,278,23,Matches,505486d6
56,Owen Bevan,wls WAL,DF,Bournemouth,19-184,2003,0.1,3,0,3,0,0,0,3,0,0,,0,,1,0,0,0,0,0,0,0,1,0,Matches,87966294
57,Giulian Biancone,fr FRA,DF,Nott'ham Forest,23-028,2000,0.2,25,2,19,5,1,0,25,0,0,,0,,10,76,61,2,1,0,0,0,13,1,Matches,de40e38c
58,Philip Billing,dk DEN,MFFW,Bournemouth,26-321,1996,27.5,1255,73,300,582,391,61,1255,41,22,53.7,13,31.7,641,3318,1566,35,30,6,36,30,787,86,Matches,d328a254
59,Yves Bissouma,ml MLI,MF,Tottenham,26-241,1996,9.0,639,17,127,411,102,1,639,7,5,71.4,2,28.6,371,2011,816,10,8,0,13,5,465,7,Matches,6c203af0
60,Willy Boly,ci CIV,DF,Nott'ham Forest,32-084,1991,6.6,324,60,221,91,14,8,324,2,1,50.0,0,0.0,157,741,352,1,1,0,2,0,168,0,Matches,a4ac4b8f
61,Sven Botman,nl NED,DF,Newcastle Utd,23-106,2000,28.7,1713,286,1006,642,74,44,1713,1,1,100.0,0,0.0,953,4344,2313,7,4,2,8,2,1100,3,Matches,ccce7025
62,Jarrod Bowen,eng ENG,FWMF,West Ham,26-129,1996,31.7,1164,23,160,396,618,141,1162,108,33,30.6,48,44.4,650,4926,1949,93,40,54,59,51,697,194,Matches,79c84d1c
63,James Bree,eng ENG,DF,Southampton,25-199,1997,2.2,140,7,29,44,67,2,140,2,1,50.0,1,50.0,61,220,85,3,3,0,2,1,67,11,Matches,c07b7c5c
64,Armando Broja,al ALB,FW,Chelsea,21-230,2001,3.3,110,2,7,41,63,16,110,15,8,53.3,5,33.3,54,399,199,8,1,5,15,9,71,17,Matches,97220da2
65,David Brooks,wls WAL,DFFW,Bournemouth,25-294,1997,0.3,7,2,3,2,2,1,7,0,0,,0,,4,9,1,0,0,0,0,1,5,1,Matches,dc4cae05
66,Lewis Brunt,eng ENG,DF,Leicester City,22-173,2000,0.3,23,1,8,12,3,0,23,0,0,,0,,9,30,4,0,0,0,0,0,13,2,Matches,a2081c6b
67,Bryan,es ESP,MFFW,Tottenham,22-076,2001,1.6,80,1,13,30,37,2,80,5,2,40.0,3,60.0,55,337,145,4,3,0,5,3,61,15,Matches,7b5ab7f2
68,Emi Buendía,ar ARG,MFFW,Aston Villa,26-124,1996,23.8,1201,34,189,574,451,75,1201,52,22,42.3,24,46.2,741,3557,1751,52,39,16,51,55,858,119,Matches,66b76d44
69,Hugo Bueno,es ESP,DF,Wolves,20-222,2002,12.7,743,47,287,242,221,13,743,32,13,40.6,13,40.6,354,2484,1303,47,28,4,15,9,395,58,Matches,bfc3b3a0
70,Facundo Buonanotte,ar ARG,MFFW,Brighton,18-126,2004,1.6,67,2,7,28,35,7,67,1,0,0.0,1,100.0,51,252,120,4,4,0,1,1,54,5,Matches,468a7a91
71,Dan Burn,eng ENG,DF,Newcastle Utd,30-354,1992,29.5,1740,147,685,762,302,54,1740,23,10,43.5,11,47.8,764,3536,1766,23,18,5,27,7,928,38,Matches,b2d31e83
72,Cafú,pt POR,MF,Nott'ham Forest,30-061,1993,0.1,3,1,2,1,0,0,3,0,0,,0,,2,12,7,0,0,0,0,0,1,0,Matches,85322440
73,Moisés Caicedo,ec ECU,MF,Brighton,21-177,2001,28.1,2082,73,445,1226,437,21,2082,39,21,53.8,16,41.0,1216,4985,2259,25,27,5,33,22,1528,38,Matches,16264a81
74,Tom Cairney,sct SCO,MF,Fulham,32-098,1991,6.4,585,4,83,278,234,20,585,14,6,42.9,6,42.9,389,2147,1066,24,20,6,17,16,443,35,Matches,a8748947
75,Duje Ćaleta-Car,hr CRO,DF,Southampton,26-223,1996,10.5,695,136,416,268,15,9,695,2,2,100.0,0,0.0,387,1829,993,5,1,0,1,2,429,0,Matches,94f8d10c
76,Dominic Calvert-Lewin,eng ENG,FW,Everton,26-043,1997,10.0,271,12,25,109,143,44,271,21,12,57.1,7,33.3,133,669,245,11,5,8,27,11,210,40,Matches,59e6e5bf
77,Chem Campbell,wls WAL,FWMF,Wolves,20-119,2002,0.8,47,1,6,19,23,5,47,4,2,50.0,2,50.0,39,303,70,2,6,1,3,6,36,10,Matches,6f711f67
78,João Cancelo,pt POR,DF,Manchester City,28-336,1994,14.2,1363,20,225,686,461,47,1363,60,30,50.0,23,38.3,838,4860,2808,72,39,21,18,14,1020,125,Matches,bd6351cd
79,Thomas Cannon,ie IRL,FW,Everton,20-121,2002,0.3,8,0,0,2,6,4,8,1,0,0.0,0,0.0,6,34,7,1,0,0,0,0,7,2,Matches,4506aec5
80,Sergi Canós,es ESP,FWDF,Brentford,26-085,1997,0.9,57,1,13,25,20,2,57,6,4,66.7,2,33.3,29,206,111,4,2,0,0,0,36,7,Matches,1137759d
81,Diego Carlos,br BRA,DF,Aston Villa,30-044,1993,2.0,140,8,49,85,9,4,140,0,0,,0,,92,284,150,0,2,0,2,0,100,0,Matches,b4a014b1
82,Fabio Carvalho,pt POR,MFFW,Liverpool,20-241,2002,3.8,187,2,31,70,89,26,187,5,2,40.0,2,40.0,118,520,212,7,8,2,10,15,140,26,Matches,966e28d0
83,Casemiro,br BRA,MF,Manchester Utd,31-064,1992,16.9,1259,79,375,691,204,15,1259,15,6,40.0,6,40.0,621,1995,917,9,13,0,15,11,793,27,Matches,4d224fe8
84,Matty Cash,pl POL,DF,Aston Villa,25-264,1997,18.2,1131,69,382,507,252,11,1131,30,15,50.0,7,23.3,581,3011,1633,41,32,4,22,7,630,56,Matches,2389cdc2
85,Timothy Castagne,be BEL,DF,Leicester City,27-144,1995,31.2,1993,131,723,812,467,49,1993,26,10,38.5,13,50.0,876,3568,1738,36,21,5,28,16,1126,136,Matches,197640fd
86,Jonny Castro,es ESP,DF,Wolves,29-056,1994,14.0,1004,53,343,444,227,13,1004,32,14,43.8,15,46.9,499,2623,1495,24,18,4,16,13,600,46,Matches,e28868f3
87,Julio César Enciso,py PAR,FWMF,Brighton,19-095,2004,3.7,170,2,8,65,101,20,170,21,13,61.9,6,28.6,111,713,434,15,11,7,8,11,128,31,Matches,9cfbad36
88,Nathaniel Chalobah,eng ENG,MF,Fulham,28-137,1994,0.1,11,4,5,3,3,1,11,0,0,,0,,6,16,8,0,1,0,1,1,8,0,Matches,422862ea
89,Trevoh Chalobah,eng ENG,DF,Chelsea,23-297,1999,13.3,976,97,462,418,98,13,976,6,4,66.7,1,16.7,582,2059,1060,11,9,0,5,4,671,15,Matches,5515376c
90,Calum Chambers,eng ENG,DFMF,Aston Villa,28-098,1995,3.6,222,29,112,85,27,1,222,0,0,,0,,128,733,496,5,4,0,1,1,138,1,Matches,dc6f5bdd
91,Ben Chilwell,eng ENG,DFMF,Chelsea,26-128,1996,13.8,1034,17,252,391,394,30,1034,23,8,34.8,12,52.2,579,3139,1700,41,33,8,20,17,655,122,Matches,d2424d1b
92,Ryan Christie,sct SCO,MFFW,Bournemouth,28-065,1995,16.4,758,33,149,333,289,49,758,67,28,41.8,33,49.3,450,2796,1206,33,27,12,40,31,475,62,Matches,26ce2263
93,Carney Chukwuemeka,eng ENG,MFFW,Chelsea,19-190,2003,2.6,162,5,31,62,71,12,162,9,4,44.4,5,55.6,98,701,454,13,3,1,10,3,106,16,Matches,b2f9c73e
94,Bobby Clark,eng ENG,MF,Liverpool,18-080,2005,0.1,7,0,0,0,7,1,7,1,0,0.0,1,100.0,3,3,0,0,0,0,2,0,3,2,Matches,73341ace
95,Nathaniel Clyne,eng ENG,DF,Crystal Palace,32-023,1991,18.2,971,44,313,475,186,3,971,12,5,41.7,5,41.7,423,1778,896,14,10,1,12,3,531,29,Matches,0442183b
96,Conor Coady,eng ENG,DF,Everton,30-062,1993,21.9,1299,224,753,525,29,10,1299,3,0,0.0,2,66.7,842,3969,2350,4,4,0,6,2,934,1,Matches,2928dca2
97,Jack Colback,eng ENG,MF,Nott'ham Forest,33-186,1989,5.5,189,16,65,100,27,1,189,4,3,75.0,0,0.0,75,404,210,5,5,0,5,1,88,3,Matches,963a9201
98,Séamus Coleman,ie IRL,DF,Everton,34-199,1988,17.9,945,81,331,397,223,20,945,34,15,44.1,15,44.1,440,1958,858,13,10,3,29,6,461,34,Matches,0420d84f
99,Nathan Collins,ie IRL,DF,Wolves,21-363,2001,17.6,1186,176,696,454,43,12,1186,7,6,85.7,0,0.0,645,3166,1669,11,9,2,9,6,813,5,Matches,a8c19eb8
100,Levi Colwill,eng ENG,DF,Brighton,20-061,2003,8.9,829,90,380,417,34,4,829,0,0,,0,,557,3282,2137,13,7,0,4,3,611,3,Matches,700783e7
101,Lewis Cook,eng ENG,MF,Bournemouth,26-084,1997,17.4,842,59,253,433,167,9,842,18,7,38.9,9,50.0,376,2010,763,9,15,1,14,14,457,8,Matches,2afc7272
102,Steve Cook,eng ENG,DF,Nott'ham Forest,32-009,1991,10.6,559,100,321,220,19,10,559,1,1,100.0,0,0.0,284,1293,577,1,3,0,3,2,350,0,Matches,3e5e4e63
103,Liam Cooper,sct SCO,DF,Leeds United,31-241,1991,14.5,871,99,459,385,33,20,871,4,1,25.0,1,25.0,422,1932,845,2,3,1,9,1,448,2,Matches,dc64b8b3
104,Maxwel Cornet,ci CIV,FW,West Ham,26-213,1996,1.8,82,0,9,28,45,9,82,3,2,66.7,1,33.3,51,223,122,9,1,5,6,2,62,24,Matches,beb391dd
105,Diego Costa,es ESP,FW,Wolves,34-203,1988,11.3,274,17,31,104,142,54,274,9,4,44.4,5,55.6,155,898,294,16,8,10,20,23,200,54,Matches,a190d597
106,Vladimír Coufal,cz CZE,DF,West Ham,30-249,1992,20.1,1207,79,357,486,368,16,1207,15,2,13.3,6,40.0,481,2850,1486,46,29,1,21,16,568,88,Matches,fdf3cb77
107,Philippe Coutinho,br BRA,MFFW,Aston Villa,30-320,1992,8.8,500,2,34,259,213,24,500,34,14,41.2,15,44.1,309,1747,739,18,28,5,23,17,369,68,Matches,0ef89a37
108,Conor Coventry,ie IRL,MFFW,West Ham,23-034,2000,0.0,0,0,0,0,0,0,0,0,0,,0,,0,0,0,0,0,0,0,0,0,0,Matches,a5ca9127
109,Aaron Cresswell,eng ENG,DF,West Ham,33-134,1989,21.6,1415,84,438,576,406,13,1415,7,2,28.6,4,57.1,657,3025,1517,31,23,1,6,6,834,73,Matches,4f974391
110,Marc Cucurella,es ESP,DF,Chelsea,24-280,1998,18.6,1490,63,470,672,358,12,1490,14,5,35.7,6,42.9,787,3205,1797,30,20,2,14,6,906,65,Matches,1daec722
111,Matheus Cunha,br BRA,FW,Wolves,23-336,1999,9.3,322,9,50,148,130,42,322,28,16,57.1,8,28.6,173,946,390,13,5,6,29,11,196,40,Matches,dc62b55d
112,Patson Daka,zm ZAM,FW,Leicester City,24-201,1998,12.0,387,12,35,157,198,53,387,17,7,41.2,7,41.2,180,992,448,18,8,9,42,17,251,74,Matches,ca45605e
113,Diogo Dalot,pt POR,DF,Manchester Utd,24-041,1999,20.9,1483,108,508,630,353,36,1483,32,18,56.3,7,21.9,781,3914,1984,43,28,12,15,5,877,76,Matches,d9565625
114,Mikkel Damsgaard,dk DEN,MFFW,Brentford,22-299,2000,8.1,390,8,79,197,121,15,390,16,7,43.8,6,37.5,203,780,422,7,7,1,11,3,225,31,Matches,215f3907
115,Danilo,br BRA,MF,Nott'ham Forest,21-364,2001,7.1,270,20,89,128,59,11,270,16,11,68.8,4,25.0,126,609,314,8,6,4,14,6,121,12,Matches,a816dbfb
116,Arnaut Danjuma,nl NED,FWMF,Tottenham,26-087,1997,1.0,40,1,2,18,20,5,40,4,3,75.0,1,25.0,20,131,86,4,2,2,1,2,29,12,Matches,f08490a6
117,Josh Dasilva,eng ENG,MF,Brentford,24-187,1998,14.5,709,15,136,318,265,30,709,50,27,54.0,15,30.0,488,3042,1430,53,36,7,28,27,516,55,Matches,60344e4f
118,Ben Davies,wls WAL,DF,Tottenham,30-004,1993,20.5,1236,78,430,631,178,26,1236,11,4,36.4,6,54.5,720,3819,2360,30,29,3,11,5,869,54,Matches,44781702
119,Tom Davies,eng ENG,MF,Everton,24-302,1998,6.0,309,13,74,183,54,15,309,6,3,50.0,3,50.0,150,616,253,2,1,0,17,4,201,13,Matches,9228b07c
120,Craig Dawson,eng ENG,DF,West Ham,32-357,1990,8.0,380,53,211,142,28,14,380,1,0,0.0,1,100.0,193,1042,600,0,5,0,2,4,216,1,Matches,3e9e06cb
121,Craig Dawson,eng ENG,DF,Wolves,32-357,1990,12.2,864,141,481,360,26,13,864,2,2,100.0,0,0.0,513,2088,1055,4,3,0,4,1,597,1,Matches,3e9e06cb
122,Kevin De Bruyne,be BEL,MF,Manchester City,31-304,1991,25.1,1703,12,90,667,967,96,1703,55,30,54.5,17,30.9,1018,5332,3237,100,75,16,40,27,1319,231,Matches,e46012d4
123,Siriki Dembélé,ci CIV,FWMF,Bournemouth,26-233,1996,1.2,71,1,10,30,33,3,71,10,6,60.0,3,30.0,47,311,160,5,2,1,9,5,50,11,Matches,11f54bd5
124,Leander Dendoncker,be BEL,MF,Aston Villa,28-013,1995,7.0,329,18,88,196,46,7,329,4,2,50.0,2,50.0,150,705,248,1,5,0,8,2,190,2,Matches,5a7301ae
125,Leander Dendoncker,be BEL,MF,Wolves,28-013,1995,2.4,128,6,33,75,21,5,128,2,1,50.0,1,50.0,60,205,77,1,0,0,2,2,77,3,Matches,5a7301ae
126,Emmanuel Dennis,ng NGA,FWMF,Nott'ham Forest,25-164,1997,7.8,324,5,53,115,170,40,324,52,18,34.6,25,48.1,205,1454,802,23,14,8,30,23,213,61,Matches,2c44a35d
127,Halil Dervişoğlu,tr TUR,MF,Brentford,23-141,1999,0.1,1,0,0,0,1,0,1,0,0,,0,,2,13,0,0,0,1,0,1,2,0,Matches,9d8cf204
128,Kiernan Dewsbury-Hall,eng ENG,MF,Leicester City,24-234,1998,24.7,1424,45,268,762,418,48,1424,67,37,55.2,24,35.8,855,4926,2397,64,32,15,71,30,990,88,Matches,5c74c0f5
129,Ibrahima Diallo,fr FRA,MF,Southampton,24-051,1999,9.1,499,18,128,308,74,4,499,13,8,61.5,5,38.5,287,1445,710,9,4,0,16,9,294,6,Matches,11ff3d56
130,Rúben Dias,pt POR,DF,Manchester City,25-349,1997,19.2,1897,155,759,1068,76,21,1897,8,6,75.0,1,12.5,1260,6780,4101,9,18,1,1,3,1510,2,Matches,31c69ef1
131,Luis Díaz,co COL,FW,Liverpool,26-105,1997,7.4,393,3,24,175,199,49,393,37,17,45.9,13,35.1,287,1836,728,23,17,14,18,27,331,78,Matches,4a1a9578
132,Eric Dier,eng ENG,DF,Tottenham,29-103,1994,30.3,2212,356,1288,849,84,25,2212,6,3,50.0,2,33.3,1337,6056,2799,9,9,1,10,3,1562,14,Matches,ac861941
133,Lucas Digne,fr FRA,DF,Aston Villa,29-282,1993,14.9,998,56,334,362,308,21,998,16,1,6.3,11,68.8,507,2118,1135,24,12,1,16,11,585,83,Matches,1b84dbe1
134,Issa Diop,fr FRA,DF,Fulham,26-109,1997,16.7,1188,125,575,600,25,8,1188,4,2,50.0,1,25.0,742,4929,3177,10,5,0,5,1,812,3,Matches,a712ca2b
135,Moussa Djenepo,ml MLI,DFFW,Southampton,24-317,1998,7.0,323,13,88,144,96,14,323,37,17,45.9,15,40.5,177,1310,696,25,10,5,13,4,166,36,Matches,254147d4
136,Ben Doak,sct SCO,FW,Liverpool,17-168,2005,0.3,22,0,4,10,10,2,22,4,0,0.0,4,100.0,16,182,51,1,3,2,1,0,15,4,Matches,733f1a7d
137,Matt Doherty,ie IRL,DFMF,Tottenham,31-102,1992,7.4,500,27,144,184,172,24,500,12,5,41.7,4,33.3,247,953,443,16,5,2,12,3,306,57,Matches,d557d734
138,Gabriel Dos Santos,br BRA,DF,Arsenal,25-130,1997,32.9,2440,278,1012,1250,189,49,2440,3,2,66.7,0,0.0,1531,7839,4877,17,38,3,16,3,1697,14,Matches,67ac5bb8
139,Abdoulaye Doucouré,ml MLI,MF,Everton,30-117,1993,12.0,549,12,119,263,177,32,549,25,16,64.0,7,28.0,289,1314,694,17,11,6,19,9,338,41,Matches,02b29014
140,Cheick Doucouré,ml MLI,MF,Crystal Palace,23-110,2000,26.1,1327,81,390,747,203,11,1327,16,11,68.8,5,31.3,627,3128,1442,13,23,0,25,19,734,13,Matches,ce4f40c7
141,Flynn Downes,eng ENG,MF,West Ham,24-098,1999,5.5,242,6,45,147,50,5,242,1,0,0.0,0,0.0,126,603,174,2,4,1,8,4,158,10,Matches,69fdb896
142,Cody Drameh,eng ENG,DF,Leeds United,21-141,2001,0.8,44,1,7,26,11,0,44,1,1,100.0,0,0.0,17,48,10,0,1,0,1,1,23,3,Matches,e0d1510a
143,Martin Dúbravka,sk SVK,GK,Newcastle Utd,34-103,1989,0.7,24,21,24,0,0,0,24,0,0,,0,,16,99,45,0,0,0,0,0,6,0,Matches,3a949a25
144,Shane Duffy,ie IRL,FWDF,Fulham,31-117,1992,0.1,5,0,2,3,0,0,5,0,0,,0,,1,1,0,0,0,0,1,0,2,0,Matches,7314bba4
145,Lewis Dunk,eng ENG,DF,Brighton,31-158,1991,30.0,2846,353,1411,1370,75,33,2846,3,2,66.7,0,0.0,1881,9244,4921,15,14,0,10,4,2128,2,Matches,282f75f3
146,Jhon Durán,co COL,FW,Aston Villa,19-136,2003,0.9,40,2,2,19,20,5,40,2,1,50.0,1,50.0,23,146,97,2,3,1,4,2,30,10,Matches,414184f7
147,Malcolm Ebiowei,eng ENG,MFFW,Crystal Palace,19-236,2003,0.4,21,0,1,8,12,2,21,5,2,40.0,3,60.0,14,107,30,2,1,0,5,0,15,9,Matches,fa9fa773
148,Ederson,br BRA,GK,Manchester City,29-254,1993,31.0,1154,923,1147,9,0,0,1154,0,0,,0,,772,3723,2227,0,0,0,0,0,736,0,Matches,3bb7b8b4
149,Odsonne Édouard,fr FRA,FW,Crystal Palace,25-102,1998,17.8,607,25,67,295,250,82,607,41,14,34.1,25,61.0,312,1471,579,25,18,18,54,48,429,90,Matches,0562b7f1
150,Samuel Edozie,eng ENG,FWMF,Southampton,20-090,2003,6.1,266,4,47,82,141,29,266,35,10,28.6,16,45.7,174,1465,695,23,21,10,23,10,179,37,Matches,007414dd
151,Anthony Elanga,se SWE,FW,Manchester Utd,21-001,2002,4.7,197,4,26,71,100,28,197,15,5,33.3,7,46.7,109,656,276,12,3,7,13,7,139,28,Matches,2fba6108
152,Harvey Elliott,eng ENG,MFFW,Liverpool,20-024,2003,16.6,1084,13,139,517,437,45,1084,40,19,47.5,14,35.0,682,3588,1761,47,39,8,25,19,794,122,Matches,c8387671
153,Mohamed Elneny,eg EGY,MF,Arsenal,30-291,1992,1.3,63,2,11,42,11,0,63,0,0,,0,,38,134,37,1,0,0,0,0,49,1,Matches,47a34c4f
154,Mohamed Elyounoussi,no NOR,MFFW,Southampton,28-267,1994,22.2,887,56,185,380,334,48,887,39,22,56.4,15,38.5,455,2840,1290,47,37,10,37,37,491,92,Matches,68dc0dac
155,Emerson,br BRA,DF,Tottenham,24-104,1999,15.5,1035,75,370,361,311,42,1035,25,13,52.0,6,24.0,521,2833,1582,42,27,6,19,15,602,95,Matches,df8b52a5
156,Christian Eriksen,dk DEN,MF,Manchester Utd,31-073,1992,18.2,1312,37,230,720,364,29,1312,12,4,33.3,8,66.7,786,2949,1440,17,18,1,20,14,966,49,Matches,980522ec
157,Pervis Estupiñán,ec ECU,DF,Brighton,25-097,1998,22.2,1714,67,395,838,496,51,1714,33,14,42.4,14,42.4,1010,4816,2637,71,45,10,32,24,1125,146,Matches,d38fdf53
158,Jonny Evans,nir NIR,DF,Leicester City,35-115,1988,9.0,757,97,370,380,8,2,757,0,0,,0,,457,1886,1061,6,4,0,2,0,553,0,Matches,f8fcd2a5
159,Eberechi Eze,eng ENG,MFFW,Crystal Palace,24-303,1998,24.3,1242,16,188,623,462,60,1242,106,64,60.4,35,33.0,720,4221,2075,58,48,23,58,45,802,93,Matches,ae4fc6a4
160,Łukasz Fabiański,pl POL,GK,West Ham,38-010,1985,28.6,819,714,815,4,0,0,819,0,0,,0,,425,2809,1845,0,0,0,3,0,294,0,Matches,9328b835
161,Fabinho,br BRA,MF,Liverpool,29-187,1993,24.2,1683,69,378,1047,261,19,1683,12,6,50.0,3,25.0,939,3736,1445,11,21,1,14,11,1177,31,Matches,7f3b388c
162,Wout Faes,be BEL,DF,Leicester City,25-025,1998,26.0,1913,299,1072,814,39,16,1913,11,8,72.7,3,27.3,1115,5702,3146,10,6,0,13,4,1286,2,Matches,9c221d14
163,Felipe,br BRA,DF,Nott'ham Forest,33-347,1989,11.9,656,124,393,226,48,28,656,17,13,76.5,3,17.6,334,1831,997,2,2,0,9,3,326,2,Matches,51a3c4c8
164,João Félix,pt POR,FWMF,Chelsea,23-169,1999,8.9,415,0,28,184,208,39,415,49,20,40.8,22,44.9,280,1806,968,32,35,9,16,8,333,72,Matches,8aafd64f
165,Evan Ferguson,ie IRL,FW,Brighton,18-191,2004,6.7,231,7,18,111,105,24,231,9,5,55.6,4,44.4,132,563,207,6,2,3,16,12,172,39,Matches,4596da74
166,Bruno Fernandes,pt POR,MFFW,Manchester Utd,28-232,1994,30.0,1979,63,323,817,859,116,1978,51,24,47.1,22,43.1,1152,5163,2688,70,57,19,33,36,1370,186,Matches,507c7bdf
167,Enzo Fernández,ar ARG,MF,Chelsea,22-101,2001,11.4,1092,33,246,678,177,9,1092,18,9,50.0,8,44.4,743,2986,1247,12,16,1,16,10,829,17,Matches,5ff4ab71
168,Roberto Firmino,br BRA,FWMF,Liverpool,31-208,1991,12.6,702,3,68,357,279,78,702,23,13,56.5,9,39.1,399,1608,669,13,12,6,37,22,541,90,Matches,4c370d81
169,Junior Firpo,es ESP,DF,Leeds United,26-249,1996,12.9,701,41,255,320,133,12,701,13,5,38.5,8,61.5,317,1318,722,18,16,0,8,8,329,32,Matches,24f59bb2
170,Phil Foden,eng ENG,FW,Manchester City,22-335,2000,15.7,1012,11,81,333,608,106,1012,57,26,45.6,25,43.9,671,3256,1473,40,29,15,29,24,796,222,Matches,ed1e53f3
171,Datro Fofana,ci CIV,FW,Chelsea,20-127,2002,0.7,27,0,0,10,18,5,27,7,5,71.4,1,14.3,20,95,39,2,2,1,8,3,19,8,Matches,e82900ef
172,Wesley Fofana,fr FRA,DF,Leicester City,22-132,2000,2.0,169,11,68,97,7,3,169,3,2,66.7,0,0.0,116,647,365,3,5,2,3,0,115,1,Matches,132a82f1
173,Wesley Fofana,fr FRA,DF,Chelsea,22-132,2000,9.7,757,56,284,398,78,10,757,10,5,50.0,1,10.0,513,3327,2071,27,17,1,8,6,543,12,Matches,132a82f1
174,Pablo Fornals,es ESP,FWMF,West Ham,27-065,1996,12.5,697,11,116,322,270,25,697,19,9,47.4,9,47.4,381,1976,971,24,20,7,15,12,465,76,Matches,82927de4
175,Adam Forshaw,eng ENG,MF,Leeds United,31-202,1991,2.0,92,4,22,59,13,0,92,5,4,80.0,1,20.0,54,279,108,0,3,0,5,1,59,0,Matches,9f1938ab
176,Fraser Forster,eng ENG,GK,Tottenham,35-042,1988,8.5,235,214,233,2,0,0,235,0,0,,0,,119,596,336,0,0,0,1,0,96,0,Matches,c3e39f12
177,Tyrese Francois,au AUS,FW,Fulham,22-286,2000,0.0,5,0,1,3,1,0,5,0,0,,0,,1,0,0,0,0,0,1,0,2,1,Matches,6722d4f0
178,Ryan Fraser,sct SCO,FW,Newcastle Utd,29-063,1994,3.5,147,1,18,51,80,9,147,2,1,50.0,0,0.0,94,600,322,8,7,1,7,1,107,23,Matches,d56543a0
179,Fred,br BRA,MF,Manchester Utd,30-054,1993,11.7,855,31,221,408,235,29,855,21,8,38.1,9,42.9,468,1802,852,8,14,2,24,14,519,36,Matches,b853e0ad
180,Ryan Fredericks,eng ENG,DF,Bournemouth,30-200,1992,5.9,279,33,88,109,84,7,279,10,3,30.0,5,50.0,120,725,395,13,9,2,4,3,152,28,Matches,c067631c
181,Remo Freuler,ch SUI,MF,Nott'ham Forest,31-013,1992,24.0,1058,71,360,537,167,13,1058,12,6,50.0,4,33.3,491,2192,959,7,11,0,20,8,557,11,Matches,98d2c2c4
182,Cody Gakpo,nl NED,FW,Liverpool,23-356,1999,11.7,420,5,30,188,212,52,420,31,14,45.2,9,29.0,257,1399,770,23,22,7,28,21,316,81,Matches,1971591f
183,Conor Gallagher,eng ENG,MFFW,Chelsea,23-081,2000,13.4,874,27,170,403,312,41,874,45,20,44.4,19,42.2,528,2661,1039,32,36,11,28,28,584,69,Matches,c2731c10
184,Idrissa Gana Gueye,sn SEN,MF,Everton,33-214,1989,24.2,1367,68,391,796,196,9,1367,31,16,51.6,8,25.8,732,3585,1688,25,23,3,28,17,748,15,Matches,72c812f3
185,Alejandro Garnacho,es ESP,FWMF,Manchester Utd,18-301,2004,5.0,237,2,23,63,154,42,237,37,10,27.0,23,62.2,167,1271,661,25,22,20,20,12,183,68,Matches,7aa8adfe
186,James Garner,eng ENG,MF,Everton,22-046,2001,4.1,211,8,30,123,62,5,211,5,3,60.0,1,20.0,117,674,291,2,3,1,3,2,113,6,Matches,4e015693
187,David de Gea,es ESP,GK,Manchester Utd,32-172,1990,31.0,1065,902,1060,5,0,0,1065,0,0,,0,,665,3065,1827,0,0,0,0,0,648,0,Matches,7ba6d84e
188,Joe Gelhardt,eng ENG,FW,Leeds United,20-359,2002,2.4,115,4,10,52,54,14,115,9,1,11.1,7,77.8,68,189,66,2,2,2,9,7,84,21,Matches,01962d0d
189,Saman Ghoddos,ir IRN,MFDF,Brentford,29-234,1993,1.3,84,7,23,30,34,1,84,2,0,0.0,2,100.0,34,105,50,0,2,0,3,1,33,4,Matches,f7b1d4e0
190,Morgan Gibbs-White,eng ENG,FWMF,Wolves,23-091,2000,2.0,119,1,18,53,49,4,119,8,2,25.0,5,62.5,62,257,137,4,3,1,3,1,82,12,Matches,32f60ed8
191,Morgan Gibbs-White,eng ENG,MFFW,Nott'ham Forest,23-091,2000,28.0,1267,13,134,546,612,66,1266,84,41,48.8,38,45.2,681,3831,1868,62,54,17,83,40,810,140,Matches,32f60ed8
192,Billy Gilmour,sct SCO,MF,Brighton,21-321,2001,1.8,169,6,40,101,29,3,169,1,0,0.0,1,100.0,108,530,280,3,4,1,3,4,136,3,Matches,df10e27c
193,Degnand Gnonto,it ITA,FWMF,Leeds United,19-174,2003,12.4,603,7,77,206,335,35,603,65,17,26.2,38,58.5,414,2918,1520,59,33,15,28,17,435,121,Matches,75fdd638
194,Ben Godfrey,eng ENG,DF,Everton,25-103,1998,8.9,391,55,159,175,63,8,391,8,3,37.5,3,37.5,162,830,426,9,8,0,12,3,159,7,Matches,9f7c837d
195,João Gomes,br BRA,MFFW,Wolves,22-075,2001,4.8,293,15,82,147,65,4,293,16,6,37.5,6,37.5,138,630,314,6,5,0,6,2,148,8,Matches,8b57ad2c
196,Toti Gomes,pt POR,DF,Wolves,24-102,1999,7.5,478,70,212,195,73,8,478,11,6,54.5,4,36.4,257,1160,692,2,11,0,5,2,278,15,Matches,f0caab96
197,Joe Gomez,eng ENG,DF,Liverpool,25-340,1997,15.3,1428,105,570,796,70,4,1428,5,4,80.0,1,20.0,931,4431,2482,15,11,0,12,4,968,4,Matches,7a11550b
198,Sergio Gómez,es ESP,DFMF,Manchester City,22-236,2000,1.9,176,7,32,107,37,7,176,1,0,0.0,1,100.0,96,418,202,3,4,1,3,2,136,15,Matches,01e5f06e
199,Anthony Gordon,eng ENG,FWMF,Newcastle Utd,22-063,2001,3.8,187,2,16,79,94,17,187,13,5,38.5,7,53.8,114,802,357,12,12,5,12,2,132,26,Matches,2bd83368
200,Anthony Gordon,eng ENG,FW,Everton,22-063,2001,12.2,464,13,87,165,218,47,464,45,11,24.4,29,64.4,252,1875,704,28,23,13,32,23,290,67,Matches,2bd83368
201,Demarai Gray,eng ENG,FWMF,Everton,26-304,1996,26.2,1116,22,107,419,611,96,1114,86,30,34.9,39,45.3,687,4860,2317,87,57,46,82,63,745,185,Matches,4468ec10
202,Jack Grealish,eng ENG,FW,Manchester City,27-230,1995,20.7,1180,17,132,383,690,124,1180,100,43,43.0,25,25.0,859,7723,3620,131,75,57,32,25,957,270,Matches,b0b4fd3e
203,Sam Greenwood,eng ENG,MFFW,Leeds United,21-092,2002,3.8,220,6,41,93,90,5,220,5,1,20.0,3,60.0,100,452,239,7,6,1,5,5,106,7,Matches,f3354c07
204,Pascal Groß,de GER,MFDF,Brighton,31-317,1991,29.2,2115,55,361,986,780,80,2115,30,14,46.7,13,43.3,1188,5422,2523,50,47,6,30,17,1487,174,Matches,8aec0537
205,Vicente Guaita,es ESP,GK,Crystal Palace,36-108,1987,27.0,895,785,893,2,0,0,895,0,0,,0,,507,2657,1704,0,0,0,1,0,383,0,Matches,ab13a5aa
206,Gonçalo Guedes,pt POR,FWMF,Wolves,26-150,1996,7.9,280,3,28,105,153,30,280,15,5,33.3,7,46.7,174,1303,644,20,12,7,17,7,199,54,Matches,e6bc67d7
207,Marc Guéhi,eng ENG,DF,Crystal Palace,22-289,2000,32.0,2158,337,1221,893,54,20,2158,16,9,56.3,3,18.8,1242,5722,3293,14,10,0,15,6,1406,2,Matches,d0706b27
208,Bruno Guimarães,br BRA,MF,Newcastle Utd,25-163,1997,24.3,1585,51,319,869,420,37,1585,72,33,45.8,21,29.2,1027,5605,2303,29,42,3,33,49,1167,30,Matches,82518f62
209,İlkay Gündoğan,de GER,MF,Manchester City,32-186,1990,22.3,1407,26,182,733,499,77,1407,36,14,38.9,14,38.9,801,4299,2032,47,31,7,23,24,1102,118,Matches,819b3158
210,Darko Gyabi,eng ENG,FW,Leeds United,19-069,2004,0.1,8,0,1,4,3,1,8,1,0,0.0,0,0.0,4,5,3,0,0,0,1,0,2,0,Matches,56d838f7
211,Erling Haaland,no NOR,FW,Manchester City,22-281,2000,25.7,629,14,34,248,347,183,623,25,8,32.0,15,60.0,326,1487,602,28,8,22,41,22,465,129,Matches,1f44ac21
212,Lewis Hall,eng ENG,DFMF,Chelsea,18-232,2004,3.4,254,12,99,94,63,10,254,12,2,16.7,9,75.0,155,822,367,10,5,3,9,6,165,19,Matches,da011f18
213,Luke Harris,wls WAL,MFFW,Fulham,18-025,2005,0.1,14,0,0,8,6,0,14,0,0,,0,,9,46,14,0,0,0,0,1,13,0,Matches,8c3078cd
214,Jack Harrison,eng ENG,FWMF,Leeds United,26-159,1996,26.0,1358,26,162,489,724,77,1358,103,43,41.7,50,48.5,835,4499,2223,89,45,23,86,51,912,221,Matches,aa849a12
215,Kai Havertz,de GER,FWMF,Chelsea,23-321,1999,24.6,1091,41,98,443,559,148,1090,53,15,28.3,34,64.2,628,3167,1222,50,26,28,75,34,812,190,Matches,fed7cb61
216,Jan Paul van Hecke,nl NED,DF,Brighton,22-324,2000,1.0,113,4,23,82,8,2,113,0,0,,0,,94,497,250,3,4,0,1,0,94,0,Matches,4fd08daa
217,Hwang Hee-chan,kr KOR,FWMF,Wolves,27-092,1996,9.8,334,10,55,141,144,26,334,22,8,36.4,11,50.0,188,1219,554,19,7,6,22,18,212,45,Matches,169fd162
218,Dean Henderson,eng ENG,GK,Nott'ham Forest,26-047,1997,18.0,715,600,711,5,0,0,715,0,0,,0,,397,2242,1245,0,0,0,1,0,319,0,Matches,e5a76dfe
219,Jordan Henderson,eng ENG,MF,Liverpool,32-315,1990,19.6,1513,30,261,875,388,38,1513,14,6,42.9,6,42.9,901,4028,1737,28,35,1,15,6,1124,64,Matches,935e6b8f
220,Wayne Hennessey,wls WAL,GK,Nott'ham Forest,36-094,1987,2.0,64,52,64,0,0,0,64,0,0,,0,,34,146,111,0,0,0,0,0,30,0,Matches,76eca7e2
221,Rico Henry,eng ENG,DF,Brentford,25-294,1997,31.5,1347,95,406,558,404,28,1347,42,22,52.4,16,38.1,631,2978,1441,42,33,9,43,41,672,98,Matches,8a3c1dc7
222,Son Heung-min,kr KOR,MFFW,Tottenham,30-294,1992,27.3,1053,9,124,384,567,91,1053,71,29,40.8,33,46.5,624,4258,2128,71,54,24,57,47,739,167,Matches,92e7e919
223,Aaron Hickey,sct SCO,DF,Brentford,20-322,2002,16.6,783,40,243,378,170,16,783,38,13,34.2,15,39.5,453,2387,1311,30,14,1,12,9,460,36,Matches,1780bb4a
224,Joseph Hodge,ie IRL,MF,Wolves,20-226,2002,1.9,103,5,25,47,31,3,103,0,0,,0,,50,156,76,1,2,0,1,2,65,4,Matches,bd8a5d95
225,Rob Holding,eng ENG,DF,Arsenal,27-220,1995,6.2,493,57,236,243,15,7,493,1,1,100.0,0,0.0,316,1454,878,3,1,1,3,0,336,2,Matches,d79a8c87
226,Mason Holgate,eng ENG,DF,Everton,26-188,1996,4.9,267,31,113,131,23,4,267,3,3,100.0,0,0.0,93,425,276,4,3,0,6,0,132,4,Matches,d0042ab9
227,Will Hughes,eng ENG,MF,Crystal Palace,28-011,1995,6.3,330,20,75,168,93,9,330,3,1,33.3,2,66.7,156,781,457,9,7,2,9,6,178,15,Matches,a0666d3e
228,Omari Hutchinson,eng ENG,FW,Chelsea,19-180,2003,0.3,15,0,0,4,11,2,15,0,0,,0,,11,61,23,1,0,1,1,1,11,1,Matches,bd9553e6
229,Pierre Højbjerg,dk DEN,MF,Tottenham,27-266,1995,31.8,2455,115,620,1430,425,29,2455,33,23,69.7,8,24.2,1419,6432,3046,42,39,7,37,35,1798,63,Matches,8b04d6c1
230,Kelechi Iheanacho,ng NGA,FWMF,Leicester City,26-207,1996,11.2,410,9,24,176,215,54,409,36,19,52.8,16,44.4,257,1515,654,31,11,18,35,33,337,90,Matches,c92e1a31
231,Danny Ings,eng ENG,FW,West Ham,30-279,1992,5.9,140,7,18,63,62,21,140,12,4,33.3,7,58.3,82,370,176,7,7,2,7,7,93,23,Matches,07802f7f
232,Danny Ings,eng ENG,FW,Aston Villa,30-279,1992,9.2,267,12,26,106,139,49,265,16,10,62.5,6,37.5,163,718,260,15,6,9,20,17,186,46,Matches,07802f7f
233,Alexander Isak,se SWE,FW,Newcastle Utd,23-219,1999,11.0,354,9,18,117,225,68,352,44,17,38.6,20,45.5,209,1329,727,22,18,14,24,16,262,80,Matches,8e92be30
234,Daniel Iversen,dk DEN,GK,Leicester City,25-283,1997,7.0,239,200,239,0,0,0,239,0,0,,0,,105,566,309,0,0,0,0,0,87,0,Matches,10d221cd
235,Alex Iwobi,ng NGA,MFFW,Everton,26-360,1996,32.5,1678,46,308,808,602,48,1678,96,44,45.8,48,50.0,1026,5824,2790,68,56,9,60,37,1131,124,Matches,6ca5ec4b
236,Daniel James,wls WAL,FW,Leeds United,25-169,1997,2.2,66,1,9,26,32,6,66,6,1,16.7,2,33.3,35,233,112,6,2,3,3,1,39,9,Matches,c931d9f9
237,Daniel James,wls WAL,FW,Fulham,25-169,1997,6.5,242,9,27,75,147,28,242,13,4,30.8,3,23.1,144,1152,587,22,10,7,10,12,161,43,Matches,c931d9f9
238,Reece James,eng ENG,DFMF,Chelsea,23-141,1999,13.8,1187,39,256,543,395,25,1187,40,22,55.0,10,25.0,710,3722,2018,52,26,9,13,14,813,115,Matches,1265a93a
239,Vitaly Janelt,de GER,MFDF,Brentford,24-353,1998,19.9,1003,53,287,525,198,30,1003,21,9,42.9,11,52.4,514,2136,1013,12,15,2,14,11,570,24,Matches,8449d35e
240,Pontus Jansson,se SWE,DF,Brentford,32-074,1991,8.0,393,73,243,137,13,8,393,2,2,100.0,0,0.0,192,734,310,1,1,0,2,1,217,0,Matches,172e52d8
241,Mathias Jensen,dk DEN,MF,Brentford,27-117,1996,27.9,1646,40,333,745,583,29,1646,55,22,40.0,24,43.6,754,2877,1112,21,22,1,47,30,857,71,Matches,0f134faf
242,Gabriel Jesus,br BRA,FW,Arsenal,26-025,1997,18.1,862,18,82,333,455,153,861,97,41,42.3,41,42.3,520,2849,1249,36,27,20,71,53,652,151,Matches,b66315ae
243,Raúl Jiménez,mx MEX,FW,Wolves,31-358,1991,8.3,260,11,27,117,116,40,260,8,4,50.0,3,37.5,132,551,207,5,3,2,20,11,197,44,Matches,b561db50
244,Joelinton,br BRA,MFFW,Newcastle Utd,26-257,1996,25.7,1489,64,272,733,503,86,1489,94,47,50.0,32,34.0,785,4317,2013,55,42,10,66,47,978,139,Matches,c17bfb65
245,Ben Johnson,eng ENG,DF,West Ham,23-094,2000,8.3,544,43,228,242,78,1,544,14,7,50.0,4,28.6,246,1271,546,12,5,0,7,6,294,17,Matches,9319781b
246,Brennan Johnson,wls WAL,FWMF,Nott'ham Forest,21-340,2001,29.7,739,6,74,275,415,109,736,83,32,38.6,39,47.0,417,3625,1981,82,43,40,69,24,470,147,Matches,0cd31129
247,Sam Johnstone,eng ENG,GK,Crystal Palace,30-034,1993,4.0,156,122,156,0,0,0,156,0,0,,0,,97,573,410,0,0,0,1,0,75,0,Matches,9e5708be
248,Curtis Jones,eng ENG,MF,Liverpool,22-088,2001,6.5,493,7,70,238,189,26,493,18,8,44.4,7,38.9,336,1680,688,21,9,8,15,19,373,41,Matches,4fb9c88f
249,Jorginho,it ITA,MF,Arsenal,31-129,1991,4.9,438,12,87,267,86,7,438,6,2,33.3,4,66.7,282,1202,611,9,6,0,4,6,348,7,Matches,45db685d
250,Jorginho,it ITA,MF,Chelsea,31-129,1991,14.2,1026,36,273,577,178,8,1024,12,5,41.7,4,33.3,546,2331,1090,13,27,1,14,9,706,10,Matches,45db685d
251,Mateo Joseph,eng ENG,FWMF,Leeds United,19-191,2003,0.3,9,1,1,5,3,1,9,1,0,0.0,1,100.0,5,13,0,0,0,0,1,3,6,2,Matches,6ad43f9a
252,Diogo Jota,pt POR,FW,Liverpool,26-145,1996,9.9,448,20,63,197,196,55,448,33,12,36.4,18,54.5,279,1555,825,26,24,10,29,17,329,81,Matches,178ae8f8
253,Hamed Junior Traorè,ci CIV,FWMF,Bournemouth,23-071,2000,4.7,246,2,29,109,116,11,246,25,16,64.0,8,32.0,143,881,437,19,13,1,15,13,142,21,Matches,570bb4b9
254,James Justin,eng ENG,DF,Leicester City,25-064,1998,13.9,980,48,296,475,216,8,980,19,4,21.1,11,57.9,417,1831,834,20,19,4,15,6,574,50,Matches,fb614c44
255,Mathias Jørgensen,dk DEN,DF,Brentford,33-005,1990,10.1,504,75,241,234,30,8,504,1,0,0.0,1,100.0,239,917,549,1,2,0,2,1,258,1,Matches,0db5d2c8
256,Sasa Kalajdzic,at AUT,FW,Wolves,25-295,1997,0.5,7,0,2,1,4,2,7,0,0,,0,,2,6,3,0,0,0,1,0,5,1,Matches,15f24fe7
257,Boubacar Kamara,fr FRA,MF,Aston Villa,23-156,1999,17.4,1058,58,326,621,121,8,1058,27,11,40.7,10,37.0,571,2297,1065,14,9,0,16,11,668,8,Matches,cc77354e
258,Harry Kane,eng ENG,FW,Tottenham,29-274,1993,32.8,1147,23,88,547,533,154,1142,94,38,40.4,45,47.9,727,4019,1639,56,46,19,65,55,898,178,Matches,21a66f6a
259,N'Golo Kanté,fr FRA,MF,Chelsea,32-030,1991,4.1,302,5,35,148,124,13,302,14,9,64.3,4,28.6,173,984,522,15,11,1,10,4,212,27,Matches,b9fbae28
260,Michael Keane,eng ENG,DF,Everton,30-107,1993,9.3,455,74,230,198,31,17,455,5,4,80.0,0,0.0,213,1062,616,2,2,0,5,0,214,2,Matches,c5b7c315
261,Neeskens Kebano,cd COD,FW,Fulham,31-049,1992,8.0,295,10,47,84,171,27,295,28,9,32.1,14,50.0,188,1438,813,37,14,10,15,10,199,65,Matches,18b999f4
262,Thilo Kehrer,de GER,DF,West Ham,26-219,1996,21.3,1171,114,517,523,137,16,1171,11,8,72.7,3,27.3,584,2390,1240,15,12,1,17,5,659,28,Matches,51dbeea9
263,Naby Keïta,gn GUI,MF,Liverpool,28-077,1995,3.3,206,5,34,114,59,11,206,4,3,75.0,0,0.0,111,536,220,5,6,0,12,7,140,21,Matches,f25c8e3a
264,Lloyd Kelly,eng ENG,DF,Bournemouth,24-204,1998,17.7,1063,133,556,410,104,7,1063,7,1,14.3,5,71.4,524,2548,1462,10,4,0,14,4,614,3,Matches,f31def1e
265,Max Kilman,eng ENG,DF,Wolves,25-340,1997,33.0,2257,392,1324,883,62,22,2257,19,14,73.7,5,26.3,1324,6957,4165,27,12,1,14,9,1553,4,Matches,d0f72bf1
266,Jakub Kiwior,pl POL,DF,Arsenal,23-072,2000,0.2,8,1,4,4,0,0,8,0,0,,0,,5,35,22,0,0,0,0,0,5,0,Matches,dc3e663e
267,Mateusz Klich,pl POL,MFFW,Leeds United,32-319,1990,3.1,189,3,25,82,85,9,189,6,2,33.3,4,66.7,110,385,149,5,5,2,11,1,124,21,Matches,282679b4
268,Robin Koch,de GER,DF,Leeds United,26-285,1996,31.3,1745,243,974,724,58,17,1745,1,1,100.0,0,0.0,895,4325,2419,10,6,0,10,1,975,5,Matches,ea6bc03a
269,Ibrahima Konaté,fr FRA,DF,Liverpool,23-338,1999,12.2,994,88,462,508,30,15,994,13,10,76.9,2,15.4,634,2924,1538,7,5,0,8,3,704,4,Matches,5ed9b537
270,Ezri Konsa,eng ENG,DF,Aston Villa,25-187,1997,31.9,1925,298,1131,737,64,21,1925,13,4,30.8,2,15.4,1205,5475,3183,7,7,0,12,5,1361,10,Matches,0313a347
271,Kalidou Koulibaly,sn SEN,DF,Chelsea,31-312,1991,19.9,1677,172,788,833,63,19,1677,6,4,66.7,2,33.3,1077,4705,2453,10,8,0,10,2,1203,4,Matches,da974c7b
272,Cheikhou Kouyaté,sn SEN,MF,Nott'ham Forest,33-128,1989,8.8,327,31,117,154,59,13,327,9,6,66.7,1,11.1,148,687,267,6,4,3,14,6,161,12,Matches,8d3c902d
273,Mateo Kovačić,hr CRO,MF,Chelsea,28-357,1994,17.2,1381,28,257,866,270,11,1381,32,17,53.1,10,31.3,933,5072,2409,34,35,2,23,23,1063,29,Matches,79c0821a
274,Emil Krafth,se SWE,DF,Newcastle Utd,28-269,1994,0.0,1,0,1,0,0,0,1,0,0,,0,,0,0,0,0,0,0,0,0,0,0,Matches,77cf6852
275,Dejan Kulusevski,se SWE,MFFW,Tottenham,23-003,2000,20.2,936,21,139,349,476,101,936,100,43,43.0,49,49.0,609,4392,2225,78,42,44,69,47,638,178,Matches,df3cda47
276,Layvin Kurzawa,fr FRA,DF,Fulham,30-236,1992,1.5,64,8,35,18,11,0,64,4,2,50.0,2,50.0,29,100,20,1,0,0,3,1,24,2,Matches,41e7ef1c
277,Adam Lallana,eng ENG,MFFW,Brighton,34-353,1988,8.0,373,6,43,180,151,33,373,6,3,50.0,3,50.0,206,839,420,10,4,4,15,11,295,43,Matches,99813635
278,Tariq Lamptey,gh GHA,DF,Brighton,22-210,2000,5.0,376,15,80,138,161,17,376,28,8,28.6,13,46.4,232,1451,808,28,12,7,16,2,256,58,Matches,f4e433d4
279,Manuel Lanzini,ar ARG,MFFW,West Ham,30-072,1993,1.7,108,0,21,60,28,0,108,1,1,100.0,0,0.0,71,371,134,2,3,0,1,2,85,4,Matches,26f6dca8
280,Aymeric Laporte,es ESP,DF,Manchester City,28-336,1994,7.2,643,44,192,324,130,11,643,2,1,50.0,1,50.0,445,2419,1671,21,36,0,3,0,508,10,Matches,119b9a8e
281,Juan Larios,es ESP,DF,Southampton,19-106,2004,1.7,106,10,32,55,20,2,106,4,3,75.0,1,25.0,38,338,201,10,2,1,3,2,47,1,Matches,cf7fb13a
282,Jamaal Lascelles,eng ENG,DF,Newcastle Utd,29-168,1993,2.4,118,27,68,47,4,4,118,0,0,,0,,64,269,103,0,0,0,0,0,75,0,Matches,450ab6fc
283,Roméo Lavia,be BEL,MF,Southampton,19-112,2004,20.1,1047,46,228,675,156,1,1047,41,22,53.7,11,26.8,660,3502,1591,18,20,0,21,28,642,13,Matches,ecad9aa5
284,Dexter Lembikisa,jm JAM,DF,Wolves,19-175,2003,0.3,13,0,3,7,3,0,13,0,0,,0,,7,29,21,2,0,0,0,0,8,3,Matches,0bdda685
285,Mario Lemina,ga GAB,MF,Wolves,29-239,1993,10.4,581,42,195,333,61,4,581,13,8,61.5,2,15.4,302,1405,709,4,5,0,11,8,376,8,Matches,2b471f99
286,Clément Lenglet,fr FRA,DF,Tottenham,27-315,1995,18.5,1330,133,647,593,96,14,1330,8,4,50.0,3,37.5,909,4436,2707,25,24,1,10,5,989,7,Matches,4f28a6ff
287,Bernd Leno,de GER,GK,Fulham,31-055,1992,30.0,1203,957,1196,7,0,0,1203,0,0,,0,,661,3196,1834,0,0,0,1,0,579,0,Matches,2628fd2b
288,Jefferson Lerma,co COL,MF,Bournemouth,28-185,1994,31.1,1650,153,517,856,298,38,1650,21,12,57.1,8,38.1,812,3247,1611,20,30,1,20,15,989,24,Matches,9b5ce51a
289,Jamal Lewis,nir NIR,DF,Newcastle Utd,25-093,1998,0.1,13,0,6,2,5,2,13,0,0,,0,,8,38,10,0,1,0,0,0,11,1,Matches,efb9215a
290,Rico Lewis,eng ENG,DFMF,Manchester City,18-158,2004,6.0,468,11,78,264,130,9,468,9,3,33.3,3,33.3,327,1702,882,18,14,3,4,11,375,14,Matches,b57e066e
291,Keane Lewis-Potter,eng ENG,FWMF,Brentford,22-065,2001,3.6,138,4,24,48,69,18,138,14,4,28.6,10,71.4,93,652,336,8,6,3,11,8,91,39,Matches,41f08ac8
292,Victor Lindelöf,se SWE,DF,Manchester Utd,28-285,1994,8.2,607,74,305,288,16,1,607,3,2,66.7,1,33.3,395,1775,858,2,1,0,0,2,422,0,Matches,f5deef4c
293,Jesse Lingard,eng ENG,FWMF,Nott'ham Forest,30-134,1992,10.3,371,7,44,202,132,16,371,10,6,60.0,4,40.0,214,1003,527,11,12,0,16,10,263,38,Matches,810e3c74
294,Diego Llorente,es ESP,DF,Leeds United,29-255,1993,7.2,506,59,283,210,15,6,506,3,2,66.7,1,33.3,303,1566,721,2,1,0,6,1,312,1,Matches,bba30585
295,Hugo Lloris,fr FRA,GK,Tottenham,36-123,1986,24.5,794,723,792,2,0,0,794,0,0,,0,,430,2401,1498,0,0,0,2,0,353,0,Matches,8f62b6ee
296,Renan Lodi,br BRA,DF,Nott'ham Forest,25-020,1998,20.2,1003,84,408,385,223,15,1003,35,16,45.7,11,31.4,492,2553,1277,23,13,2,16,10,484,61,Matches,ed9f7cfe
297,Ruben Loftus-Cheek,eng ENG,MFDF,Chelsea,27-095,1996,14.6,925,35,168,498,271,39,925,51,24,47.1,20,39.2,553,3059,1725,44,22,9,20,19,669,78,Matches,e97fd090
298,Sean Longstaff,eng ENG,MF,Newcastle Utd,25-180,1997,27.0,1375,45,276,711,395,70,1375,27,8,29.6,18,66.7,708,2845,1135,21,13,8,35,28,902,104,Matches,a2b105e0
299,Jamal Lowe,jm JAM,MFFW,Bournemouth,28-281,1994,0.1,4,0,0,3,1,0,4,0,0,,0,,2,7,1,0,0,0,0,0,3,0,Matches,b2856bc0
300,Douglas Luiz,br BRA,MF,Aston Villa,24-354,1998,27.6,1837,60,467,1025,363,17,1836,40,23,57.5,12,30.0,976,5262,2435,40,32,4,32,27,1161,29,Matches,6f7d826d
301,Saša Lukić,rs SRB,MF,Fulham,26-258,1996,2.6,165,4,29,108,29,3,165,2,2,100.0,0,0.0,103,593,317,5,4,1,2,0,117,5,Matches,c6e8cf1f
302,Lyanco,br BRA,DF,Southampton,26-086,1997,8.8,493,62,231,222,48,7,493,9,7,77.8,2,22.2,266,1340,693,7,5,1,10,4,241,4,Matches,b5bf1770
303,Alexis Mac Allister,ar ARG,MF,Brighton,24-125,1998,26.0,1756,37,289,977,508,49,1751,52,32,61.5,14,26.9,1057,4799,2358,48,52,7,36,30,1317,61,Matches,83d074ff
304,James Maddison,eng ENG,MFFW,Leicester City,26-156,1996,23.1,1206,13,130,549,536,85,1206,75,28,37.3,28,37.3,807,4498,2039,56,31,23,40,22,914,125,Matches,ee38d9c5
305,Noni Madueke,eng ENG,FWDF,Chelsea,21-049,2002,2.5,149,1,18,50,84,13,149,24,12,50.0,9,37.5,102,754,372,12,5,4,6,5,113,34,Matches,bf34eebd
306,Harry Maguire,eng ENG,DF,Manchester Utd,30-054,1993,7.4,593,62,304,263,30,8,593,3,2,66.7,1,33.3,375,2146,1353,8,6,1,1,0,399,4,Matches,d8931174
307,Riyad Mahrez,dz ALG,FWMF,Manchester City,32-066,1991,14.6,966,4,59,353,562,84,965,52,16,30.8,19,36.5,646,3674,1757,57,38,31,23,13,731,179,Matches,892d5bb1
308,Kobbie Mainoo,eng ENG,MF,Manchester Utd,18-009,2005,0.1,11,0,2,4,5,3,11,1,0,0.0,1,100.0,5,64,48,2,0,0,0,0,6,1,Matches,c6220452
309,Ainsley Maitland-Niles,eng ENG,DFMF,Southampton,25-242,1997,13.5,782,61,297,364,131,7,782,18,13,72.2,5,27.8,344,1768,769,12,11,2,20,12,428,31,Matches,e3a5814e
310,Tyrell Malacia,nl NED,DF,Manchester Utd,23-254,1999,12.0,764,45,293,304,173,11,764,17,4,23.5,13,76.5,369,1752,863,18,14,3,16,5,413,28,Matches,6b6c793c
311,Orel Mangala,be BEL,MF,Nott'ham Forest,25-041,1998,12.5,512,23,125,305,88,8,512,28,14,50.0,10,35.7,273,1438,655,12,5,2,10,7,307,7,Matches,a572e291
312,Javier Manquillo,es ESP,DF,Newcastle Utd,28-358,1994,0.4,34,2,10,15,9,1,34,0,0,,0,,19,80,38,2,0,0,0,0,20,1,Matches,758dd7f0
313,Sekou Mara,fr FRA,FWMF,Southampton,20-272,2002,5.8,215,5,27,97,99,24,215,29,13,44.8,16,55.2,125,701,281,7,9,2,28,18,145,26,Matches,3544641e
314,Solly March,eng ENG,FWDF,Brighton,28-282,1994,28.9,1581,43,183,499,913,130,1581,102,51,50.0,33,32.4,974,6333,2850,103,45,43,52,30,1073,331,Matches,bb5fbd2b
315,Emiliano Marcondes,dk DEN,MF,Bournemouth,28-050,1995,0.1,3,1,1,2,0,0,3,1,0,0.0,0,0.0,2,11,7,0,0,0,0,0,2,0,Matches,4d960fc3
316,Marquinhos,br BRA,MF,Arsenal,20-021,2003,0.0,3,0,0,2,1,0,3,0,0,,0,,2,6,1,0,0,0,0,0,3,0,Matches,59878425
317,Anthony Martial,fr FRA,FW,Manchester Utd,27-144,1995,7.1,266,7,12,101,155,30,265,15,7,46.7,6,40.0,179,738,320,9,9,4,18,12,223,46,Matches,8b788c01
318,Martinelli,br BRA,FW,Arsenal,21-314,2001,29.5,1443,17,124,401,938,213,1443,127,55,43.3,54,42.5,988,6963,3185,119,63,68,76,53,1083,336,Matches,48a5a5d6
319,Emiliano Martínez,ar ARG,GK,Aston Villa,30-238,1992,29.9,1243,1033,1232,12,0,0,1243,0,0,,0,,690,3546,2108,0,0,0,2,0,594,0,Matches,7956236f
320,Lisandro Martínez,ar ARG,DF,Manchester Utd,25-100,1998,23.5,1809,281,934,829,60,11,1809,16,14,87.5,0,0.0,1061,5256,2986,12,16,0,11,9,1138,2,Matches,bac46a10
321,Pape Matar Sarr,sn SEN,MF,Tottenham,20-226,2002,1.9,160,11,55,88,17,1,160,3,0,0.0,1,33.3,107,519,204,1,0,0,4,2,111,0,Matches,feb5d972
322,Jean-Philippe Mateta,fr FRA,FW,Crystal Palace,25-304,1997,8.2,251,17,36,106,111,35,251,7,3,42.9,4,57.1,133,600,213,7,8,4,26,16,172,39,Matches,50e6dc35
323,Joël Matip,cm CMR,DF,Liverpool,31-263,1991,11.1,927,107,458,425,52,12,927,7,4,57.1,3,42.9,598,3892,2764,27,21,1,12,1,655,1,Matches,b217ef29
324,Neal Maupay,fr FRA,FW,Everton,26-257,1996,11.8,369,1,25,165,184,46,369,17,6,35.3,11,64.7,212,825,273,7,7,3,38,16,268,58,Matches,4bcf39f6
325,Kevin Mbabu,ch SUI,DFFW,Fulham,28-009,1995,1.6,114,4,38,40,38,0,114,6,4,66.7,2,33.3,57,273,159,4,2,0,1,2,59,11,Matches,493924a7
326,Bryan Mbeumo,cm CMR,FW,Brentford,23-264,1999,27.3,1096,19,160,332,620,96,1095,73,39,53.4,29,39.7,636,3631,1540,56,24,19,59,47,709,200,Matches,6afaebf2
327,James McArthur,sct SCO,MF,Crystal Palace,35-203,1987,0.2,26,1,7,14,5,0,26,2,1,50.0,0,0.0,17,75,33,0,0,0,1,3,21,0,Matches,cee31595
328,Alex McCarthy,eng ENG,GK,Southampton,33-146,1989,1.0,47,35,47,0,0,0,47,0,0,,0,,32,47,22,0,0,0,0,0,28,0,Matches,36c2ca73
329,John McGinn,sct SCO,MFFW,Aston Villa,28-192,1994,24.9,1143,33,190,639,327,39,1143,58,35,60.3,12,20.7,661,3297,1430,26,29,6,46,29,755,62,Matches,90f91999
330,Scott McKenna,sct SCO,DF,Nott'ham Forest,26-167,1996,17.5,877,151,501,333,45,21,877,7,5,71.4,1,14.3,430,1885,929,5,1,0,2,2,508,2,Matches,4e5a4cbc
331,Weston McKennie,us USA,MF,Leeds United,24-243,1998,11.6,620,35,156,315,157,10,620,14,11,78.6,3,21.4,316,1363,592,9,13,0,20,19,361,18,Matches,01c3aff5
332,Dwight McNeil,eng ENG,FWMF,Everton,23-157,1999,22.8,1077,36,188,409,498,47,1076,88,43,48.9,42,47.7,602,4208,1563,63,34,12,47,34,635,111,Matches,fc15fb84
333,Scott McTominay,sct SCO,MF,Manchester Utd,26-141,1996,12.5,590,66,197,271,128,24,590,26,13,50.0,9,34.6,302,1533,753,19,16,3,22,19,340,19,Matches,d93c2511
334,Ben Mee,eng ENG,DF,Brentford,33-219,1989,31.3,1798,237,938,741,128,51,1798,12,11,91.7,1,8.3,947,3852,1993,7,10,3,16,1,972,13,Matches,8df7a2fb
335,Edouard Mendy,sn SEN,GK,Chelsea,31-058,1992,8.5,286,247,283,3,0,0,286,1,0,0.0,1,100.0,160,744,399,0,0,0,0,0,148,0,Matches,33887998
336,Nampalys Mendy,sn SEN,MF,Leicester City,30-309,1992,8.2,484,12,139,304,45,2,484,11,7,63.6,3,27.3,278,1309,451,2,5,0,6,1,328,4,Matches,1598599e
337,Chris Mepham,wls WAL,DF,Bournemouth,25-174,1997,23.4,1271,275,812,433,33,14,1271,6,3,50.0,2,33.3,611,2979,1548,2,6,2,4,3,748,1,Matches,fed96827
338,Illan Meslier,fr FRA,GK,Leeds United,23-057,2000,33.0,1090,878,1084,5,2,1,1090,0,0,,0,,573,3299,1907,0,0,0,1,1,406,0,Matches,6b625ac2
339,Alexander Mighten,eng ENG,FW,Nott'ham Forest,21-017,2002,0.1,4,0,1,0,3,0,4,3,0,0.0,2,66.7,4,27,10,0,0,0,0,0,4,1,Matches,10ec4169
340,Luka Milivojević,rs SRB,MF,Crystal Palace,32-021,1991,5.7,316,28,113,152,55,1,316,1,1,100.0,0,0.0,161,693,263,2,3,0,4,6,178,2,Matches,2ce2508a
341,James Milner,eng ENG,MFDF,Liverpool,37-114,1986,8.5,717,21,168,327,224,22,717,20,11,55.0,7,35.0,367,1590,714,17,12,5,17,12,467,68,Matches,2f90f6b8
342,Yerry Mina,co COL,DF,Everton,28-217,1994,2.6,207,25,92,107,9,3,207,0,0,,0,,120,603,328,1,1,0,3,0,141,1,Matches,6d5701f2
343,Tyrone Mings,eng ENG,DF,Aston Villa,30-046,1993,30.0,1954,319,1128,768,64,18,1954,9,4,44.4,2,22.2,1205,6842,3887,13,13,2,7,6,1314,6,Matches,8397a50c
344,Tyrick Mitchell,eng ENG,DF,Crystal Palace,23-239,1999,27.1,1582,99,566,687,343,26,1582,27,14,51.9,9,33.3,688,2615,1203,20,19,3,31,15,793,71,Matches,5cbd1eb0
345,Kaoru Mitoma,jp JPN,FW,Brighton,25-343,1997,19.1,1016,15,115,364,549,123,1016,90,43,47.8,37,41.1,689,5184,2936,107,64,58,40,24,776,193,Matches,74618572
346,Aleksandar Mitrović,rs SRB,FW,Fulham,28-224,1994,20.1,743,26,76,356,316,132,737,45,23,51.1,20,44.4,416,1731,627,19,11,10,57,53,593,91,Matches,3925dbd6
347,Kieffer Moore,wls WAL,FW,Bournemouth,30-263,1992,13.0,473,31,52,265,157,45,473,12,2,16.7,6,50.0,237,917,289,10,8,2,38,31,365,50,Matches,01ce9e70
348,Andrew Moran,ie IRL,FW,Brighton,19-195,2003,0.1,6,0,0,5,1,0,6,0,0,,0,,3,2,1,0,0,0,2,0,3,1,Matches,c4720845
349,Álex Moreno,es ESP,DF,Aston Villa,29-324,1993,11.9,780,49,269,288,230,38,780,50,22,44.0,24,48.0,415,2614,1379,51,20,15,28,14,471,95,Matches,16e9d0ea
350,Mason Mount,eng ENG,MFFW,Chelsea,24-108,1999,18.3,969,17,110,415,455,56,969,31,15,48.4,13,41.9,530,2745,1429,48,34,11,36,29,678,114,Matches,9674002f
351,Lucas Moura,br BRA,MFDF,Tottenham,30-258,1992,1.4,88,0,13,34,42,7,88,8,3,37.5,5,62.5,49,293,111,3,3,1,4,3,62,11,Matches,2b622f01
352,João Moutinho,pt POR,MF,Wolves,36-232,1986,19.8,1218,42,243,658,325,15,1218,15,8,53.3,7,46.7,615,2554,1350,23,23,0,14,7,769,32,Matches,f5a00fa4
353,Divin Mubama,eng ENG,FW,West Ham,18-185,2004,0.0,1,0,0,1,0,0,1,0,0,,0,,1,9,2,0,0,0,0,0,1,0,Matches,92868cb5
354,Mykhailo Mudryk,ua UKR,FWMF,Chelsea,22-113,2001,5.4,244,5,30,86,131,20,244,32,9,28.1,17,53.1,153,1098,504,18,14,5,19,10,156,30,Matches,049a888d
355,Jacob Murphy,eng ENG,FW,Newcastle Utd,28-063,1995,12.0,515,10,53,177,296,64,515,36,11,30.6,18,50.0,328,2216,1333,58,29,25,13,18,368,123,Matches,de112b84
356,Enock Mwepu,zm ZAM,FWMF,Brighton,25-117,1998,2.4,116,1,12,54,53,7,116,5,1,20.0,4,80.0,58,318,141,5,2,1,10,5,80,17,Matches,1d5cab82
357,Vitaliy Mykolenko,ua UKR,DF,Everton,23-334,1999,27.5,1566,113,549,674,357,25,1566,25,11,44.0,14,56.0,673,3020,1465,30,32,6,30,8,777,70,Matches,30d4a2e5
358,Keylor Navas,cr CRC,GK,Nott'ham Forest,36-134,1986,13.0,468,418,466,2,0,0,468,1,1,100.0,0,0.0,212,1187,805,0,0,0,1,0,150,0,Matches,ecada4fc
359,Wilfred Ndidi,ng NGA,MFDF,Leicester City,26-133,1996,16.0,1005,76,349,594,79,5,1005,10,8,80.0,2,20.0,513,2195,948,9,13,0,13,7,610,6,Matches,6b47c5db
360,Reiss Nelson,eng ENG,FW,Arsenal,23-139,1999,1.4,108,2,13,20,77,15,108,5,5,100.0,0,0.0,74,516,309,14,3,5,1,8,87,27,Matches,c5bdb6e3
361,Neto,br BRA,GK,Bournemouth,33-283,1989,22.5,731,630,726,5,0,0,731,0,0,,0,,360,2333,1700,0,0,0,1,0,210,0,Matches,a9dc785c
362,Pedro Neto,pt POR,FWMF,Wolves,23-050,2000,8.4,431,4,55,131,251,41,431,48,16,33.3,26,54.2,277,1989,993,32,17,15,28,9,303,98,Matches,7ba2eaa9
363,Rúben Neves,pt POR,MF,Wolves,26-046,1997,29.1,2216,158,721,1178,338,22,2213,26,18,69.2,6,23.1,1191,5334,2626,26,29,1,19,11,1453,17,Matches,44bfb6c5
364,Moussa Niakhate,sn SEN,DF,Nott'ham Forest,27-051,1996,7.9,308,68,195,81,33,4,308,3,0,0.0,3,100.0,108,560,275,1,0,0,4,1,116,1,Matches,00242715
365,Rasmus Nissen,dk DEN,DF,Leeds United,25-291,1997,16.8,1024,59,347,422,260,20,1024,15,7,46.7,7,46.7,414,1206,561,14,4,4,5,3,504,67,Matches,39769cff
366,Eddie Nketiah,eng ENG,FW,Arsenal,23-333,1999,11.5,388,10,34,147,213,82,388,34,15,44.1,13,38.2,246,1629,591,32,16,22,28,18,290,75,Matches,a53649b7
367,Matheus Nunes,pt POR,MF,Wolves,24-244,1998,23.7,1178,52,276,564,358,47,1178,71,38,53.5,23,32.4,752,4837,2255,48,42,8,37,36,825,112,Matches,e6af02e0
368,Darwin Núñez,uy URU,FW,Liverpool,23-308,1999,17.0,578,10,44,165,378,146,578,40,18,45.0,16,40.0,358,2651,1367,59,32,30,38,26,454,167,Matches,4d77b365
369,Ethan Nwaneri,eng ENG,FW,Arsenal,16-038,2007,0.0,1,0,0,0,1,0,1,0,0,,0,,0,0,0,0,0,0,0,0,0,0,Matches,7f94982c
370,Christian Nørgaard,dk DEN,MF,Brentford,29-049,1994,19.6,1050,78,338,554,165,42,1050,19,8,42.1,10,52.6,454,1518,671,4,11,2,14,10,526,8,Matches,df0a4c90
371,Lewis O'Brien,eng ENG,MF,Nott'ham Forest,24-196,1998,6.5,297,19,72,161,71,3,297,17,7,41.2,3,17.6,157,947,518,13,9,2,12,7,166,3,Matches,089667a5
372,Odeluga Offiah,eng ENG,DF,Brighton,20-184,2002,0.0,7,0,2,4,1,0,7,0,0,,0,,4,22,2,0,0,0,1,0,4,0,Matches,65c3efa2
373,Angelo Ogbonna,it ITA,DF,West Ham,34-340,1988,8.9,326,60,196,119,11,6,326,0,0,,0,,146,665,145,0,0,0,1,3,155,1,Matches,74b2cd7e
374,Michael Olise,fr FRA,FWMF,Crystal Palace,21-137,2001,25.6,1537,21,210,614,734,66,1537,120,48,40.0,51,42.5,862,5264,2640,84,60,27,74,42,1004,191,Matches,c4486bac
375,Robin Olsen,se SWE,GK,Aston Villa,33-110,1990,3.1,141,119,139,2,0,0,141,0,0,,0,,80,405,198,0,0,0,1,0,57,0,Matches,e7ee38c3
376,Amadou Onana,be BEL,MF,Everton,21-255,2001,25.3,1198,56,269,682,264,46,1198,49,15,30.6,23,46.9,620,3120,1271,24,26,4,43,16,775,43,Matches,828657ff
377,Josh Onomah,eng ENG,MF,Fulham,26-001,1997,0.2,11,0,3,4,4,0,11,1,0,0.0,1,100.0,5,38,24,1,0,0,1,1,5,0,Matches,6612cd8c
378,Paul Onuachu,ng NGA,FW,Southampton,28-335,1994,3.7,122,5,13,56,56,16,122,12,8,66.7,3,25.0,64,248,75,1,1,0,19,8,97,19,Matches,c06d1086
379,Frank Onyeka,ng NGA,MF,Brentford,25-117,1998,6.8,262,21,73,123,67,16,262,11,2,18.2,6,54.5,131,472,202,3,5,1,9,7,140,14,Matches,2944f86f
380,Mislav Oršić,hr CRO,MF,Southampton,30-120,1992,0.1,4,0,2,0,2,0,4,0,0,,0,,2,10,7,0,0,0,0,0,1,0,Matches,ee950928
381,Dango Ouattara,bf BFA,MFFW,Bournemouth,21-076,2002,9.7,393,27,91,152,162,45,393,58,24,41.4,29,50.0,212,1478,745,28,17,13,29,8,237,61,Matches,2f9e4435
382,Alex Oxlade-Chamberlain,eng ENG,FWMF,Liverpool,29-256,1993,3.7,153,4,20,69,67,17,153,14,5,35.7,8,57.1,90,719,258,11,8,3,12,10,110,28,Matches,38c7feef
383,David Ozoh,,FW,Crystal Palace,17-332,2005,0.0,4,0,0,0,4,0,4,0,0,,0,,2,1,1,0,0,0,1,0,4,0,Matches,d00d45ab
384,João Palhinha,pt POR,MF,Fulham,27-293,1995,28.7,1405,70,334,877,210,29,1405,28,10,35.7,12,42.9,641,2253,757,5,9,2,32,22,745,17,Matches,a78ff07f
385,Cole Palmer,eng ENG,FWMF,Manchester City,20-357,2002,1.7,116,3,13,45,59,15,116,11,7,63.6,3,27.3,79,457,222,10,2,7,10,4,90,20,Matches,dc7f8a28
386,Emerson Palmieri,it ITA,DF,West Ham,28-268,1994,10.9,635,43,174,277,190,21,635,18,5,27.8,8,44.4,285,1720,1006,32,19,6,5,7,380,42,Matches,e0bc6fdc
387,Lucas Paquetá,br BRA,MF,West Ham,25-244,1997,19.4,1165,40,202,651,327,40,1164,41,21,51.2,12,29.3,598,2484,940,13,23,5,36,34,746,52,Matches,9b6f7fd5
388,Thomas Partey,gh GHA,MF,Arsenal,29-319,1993,25.1,2038,73,384,1274,398,24,2038,39,29,74.4,8,20.5,1245,6045,3272,25,33,1,31,17,1478,24,Matches,529f49ab
389,Nathan Patterson,sct SCO,DFMF,Everton,21-194,2001,11.4,690,52,250,248,199,17,690,21,10,47.6,10,47.6,285,1682,717,14,11,3,20,9,358,44,Matches,230f0471
390,Ben Pearson,eng ENG,MF,Bournemouth,28-114,1995,3.2,162,8,56,90,17,0,162,1,0,0.0,0,0.0,72,242,103,2,0,0,6,0,100,4,Matches,a6b461e7
391,Facundo Pellistri,uy URU,FWMF,Manchester Utd,21-129,2001,0.6,19,0,6,5,8,1,19,1,0,0.0,1,100.0,9,82,10,0,0,0,2,0,11,2,Matches,ac7e7b1c
392,Andreas Pereira,br BRA,MF,Fulham,27-117,1996,29.3,1290,14,103,596,606,66,1289,49,17,34.7,25,51.0,712,3925,1655,53,43,10,52,50,835,132,Matches,6639e500
393,Ricardo Pereira,pt POR,DFMF,Leicester City,29-204,1993,4.3,331,18,91,167,79,4,331,6,4,66.7,1,16.7,160,566,300,5,9,2,4,3,198,14,Matches,75a72a99
394,Ayoze Pérez,es ESP,MFFW,Leicester City,29-273,1993,4.2,244,3,38,104,108,17,244,21,6,28.6,12,57.1,132,696,356,17,6,6,12,11,155,43,Matches,819aa8e7
395,Ivan Perišić,hr CRO,DFMF,Tottenham,34-085,1989,22.4,1294,66,327,425,554,92,1294,36,16,44.4,17,47.2,578,3535,1995,84,28,34,31,13,701,176,Matches,6fe90922
396,Romain Perraud,fr FRA,DF,Southampton,25-218,1997,20.4,1153,54,360,406,395,39,1153,38,10,26.3,25,65.8,609,2999,1388,33,35,5,27,14,626,122,Matches,6dfd8f05
397,Máximo Perrone,ar ARG,MF,Manchester City,20-111,2003,0.2,22,0,4,12,6,2,22,0,0,,0,,8,20,7,0,0,0,0,0,19,1,Matches,53552942
398,Kalvin Phillips,eng ENG,MF,Manchester City,27-147,1995,1.2,156,8,25,112,20,3,156,0,0,,0,,89,374,104,0,0,0,1,0,123,0,Matches,4f565d77
399,Nathaniel Phillips,eng ENG,DF,Liverpool,26-038,1997,0.7,89,3,26,63,2,1,89,0,0,,0,,69,574,393,0,1,0,2,0,60,0,Matches,515ebe8d
400,Jordan Pickford,eng ENG,GK,Everton,29-052,1994,32.0,1228,910,1192,37,0,0,1228,0,0,,0,,652,4270,2806,0,0,0,1,1,485,0,Matches,4806ec67
401,Ethan Pinnock,jm JAM,DF,Brentford,29-334,1993,25.0,1265,275,778,383,108,45,1265,5,1,20.0,1,20.0,488,2007,1092,1,2,0,5,6,578,14,Matches,e541326e
402,Daniel Podence,pt POR,FWMF,Wolves,27-189,1995,18.1,838,10,113,309,429,65,838,55,22,40.0,31,56.4,497,2482,1149,40,25,18,45,29,581,138,Matches,7fcc71d8
403,Nick Pope,eng ENG,GK,Newcastle Utd,31-009,1992,31.2,860,725,853,7,0,0,860,0,0,,0,,445,2637,1561,0,0,0,2,0,301,0,Matches,4b40d9ca
404,Pedro Porro,es ESP,DF,Tottenham,23-227,1999,8.5,541,34,164,194,187,19,541,34,10,29.4,21,61.8,278,1579,962,26,11,3,12,6,318,67,Matches,27d0a506
405,Dennis Praet,be BEL,MFFW,Leicester City,28-349,1994,6.7,320,11,63,152,110,14,320,12,5,41.7,6,50.0,164,865,339,14,6,1,11,8,202,39,Matches,86695068
406,Isaac Price,nir NIR,MF,Everton,19-214,2003,0.4,17,1,5,10,2,0,17,1,1,100.0,0,0.0,10,40,12,1,0,0,1,0,13,0,Matches,b9403c99
407,Christian Pulisic,us USA,FWDF,Chelsea,24-222,1998,8.7,414,4,51,161,210,40,414,44,13,29.5,22,50.0,288,2080,1030,34,29,13,26,13,316,72,Matches,1bf33a9a
408,Aaron Ramsdale,eng ENG,GK,Arsenal,24-349,1998,33.0,1022,745,998,25,0,0,1022,1,1,100.0,0,0.0,616,3316,2052,0,1,0,0,0,540,0,Matches,466fb2c5
409,Jacob Ramsey,eng ENG,MFFW,Aston Villa,21-335,2001,24.3,1085,50,216,539,350,65,1085,58,22,37.9,23,39.7,632,4217,2041,70,51,16,54,31,696,90,Matches,1544f145
410,Marcus Rashford,eng ENG,FW,Manchester Utd,25-179,1997,27.5,1033,19,91,379,583,157,1033,115,40,34.8,65,56.5,652,4102,1907,69,41,44,70,38,791,207,Matches,a1d5bd30
411,David Raya,es ESP,GK,Brentford,27-225,1995,33.0,1495,1091,1402,93,1,1,1495,1,1,100.0,0,0.0,891,5168,3337,0,0,0,0,0,682,0,Matches,98ea5115
412,Tim Ream,us USA,DF,Fulham,35-205,1987,32.0,2187,310,1120,1018,61,14,2187,15,10,66.7,3,20.0,1359,7667,5041,27,13,0,15,4,1444,2,Matches,28b40c9c
413,Nathan Redmond,eng ENG,DF,Southampton,29-053,1994,0.0,1,0,0,0,1,0,1,0,0,,0,,1,1,1,0,0,0,0,0,1,1,Matches,ab651565
414,Harrison Reed,eng ENG,MF,Fulham,28-091,1995,27.7,1360,50,246,726,398,38,1360,24,9,37.5,14,58.3,650,2908,994,26,20,2,38,21,818,85,Matches,803ae100
415,Bobby Reid,jm JAM,FWDF,Fulham,30-085,1993,26.0,1143,53,219,467,472,70,1143,51,18,35.3,24,47.1,629,2862,1318,46,32,11,50,29,727,180,Matches,0f7533cd
416,Declan Rice,eng ENG,MF,West Ham,24-104,1999,32.0,2159,112,594,1236,374,17,2158,55,29,52.7,21,38.2,1241,7677,4162,80,66,4,25,25,1400,32,Matches,1c7012b8
417,Chris Richards,us USA,DF,Crystal Palace,23-031,2000,5.0,274,47,131,119,24,7,274,0,0,,0,,120,550,269,4,1,0,3,2,149,3,Matches,0a3d6d2b
418,Richarlison,br BRA,MFFW,Tottenham,25-353,1997,9.3,384,11,71,146,173,51,384,28,9,32.1,15,53.6,229,1440,695,30,18,11,33,17,262,68,Matches,fa031b34
419,Jaïro Riedewald,nl NED,DFFW,Crystal Palace,26-231,1996,0.5,42,6,16,16,10,0,42,0,0,,0,,17,73,46,1,1,0,0,0,22,1,Matches,7a1f2c08
420,Matt Ritchie,sct SCO,FWMF,Newcastle Utd,33-230,1989,0.4,30,1,8,12,11,1,30,1,1,100.0,0,0.0,19,75,31,0,2,0,0,0,23,6,Matches,71ef519e
421,Andrew Robertson,sct SCO,DF,Liverpool,29-048,1994,24.7,2120,73,615,882,635,55,2120,36,15,41.7,19,52.8,1156,5615,3241,66,53,8,28,7,1371,180,Matches,2e4f5f03
422,Antonee Robinson,us USA,DF,Fulham,25-263,1997,28.3,1861,99,622,776,491,26,1861,64,32,50.0,24,37.5,951,6316,3446,91,73,10,32,17,1019,131,Matches,289601e6
423,Marc Roca,es ESP,MF,Leeds United,26-153,1996,24.0,1474,46,318,855,309,25,1474,27,15,55.6,9,33.3,767,3385,1762,20,16,6,25,22,889,24,Matches,da27e268
424,Marek Rodák,sk SVK,GK,Fulham,26-136,1996,2.0,65,58,65,0,0,0,65,0,0,,0,,36,206,94,0,0,0,1,0,21,0,Matches,17acc2ed
425,Rodri,es ESP,MF,Manchester City,26-310,1996,28.2,2888,98,605,1754,545,58,2888,32,21,65.6,7,21.9,1746,9047,4874,68,62,2,20,16,2205,35,Matches,6434f10d
426,Rodrigo,es ESP,FWMF,Leeds United,32-053,1991,17.9,705,21,74,335,298,91,704,24,11,45.8,12,50.0,399,1976,761,36,16,21,46,21,495,126,Matches,1fb1c435
427,Mads Roerslev,dk DEN,DF,Brentford,23-308,1999,12.2,409,49,171,134,105,12,409,6,2,33.3,3,50.0,183,799,274,8,7,1,13,9,207,36,Matches,57c94db2
428,Cristian Romero,ar ARG,DF,Tottenham,25-001,1998,23.3,1682,261,831,757,107,14,1682,21,13,61.9,7,33.3,1012,4689,2697,19,24,1,19,10,1072,8,Matches,a3d94a58
429,Oriol Romeu,es ESP,MF,Southampton,31-216,1991,0.8,37,2,5,19,14,1,37,1,1,100.0,0,0.0,18,128,66,2,1,0,1,0,20,0,Matches,4b511457
430,Cristiano Ronaldo,pt POR,FW,Manchester Utd,38-082,1985,5.8,220,8,25,91,106,32,220,9,4,44.4,3,33.3,94,477,288,9,6,3,7,3,167,33,Matches,dea698d9
431,Connor Ronan,ie IRL,MF,Wolves,25-053,1998,0.0,4,0,0,3,1,0,4,1,1,100.0,0,0.0,1,4,2,0,0,0,0,0,3,1,Matches,1b804500
432,Salomón Rondón,ve VEN,FW,Everton,33-224,1989,1.2,36,1,2,15,19,4,36,1,1,100.0,0,0.0,16,33,3,0,1,0,1,1,32,7,Matches,b318a643
433,Joe Rothwell,eng ENG,MF,Bournemouth,28-107,1995,9.0,438,18,102,250,93,5,438,21,15,71.4,6,28.6,227,1344,650,9,11,2,6,3,248,11,Matches,10a10454
434,Georginio Rutter,fr FRA,FWMF,Leeds United,21-008,2002,2.7,109,4,13,42,55,15,109,24,8,33.3,13,54.2,67,336,124,5,1,3,14,12,75,14,Matches,c64c01fc
435,José Sá,pt POR,GK,Wolves,30-101,1993,33.0,1182,1065,1176,7,0,0,1182,2,2,100.0,0,0.0,679,4229,2766,0,0,0,4,0,545,0,Matches,903b6e8b
436,Marcel Sabitzer,at AUT,MF,Manchester Utd,29-042,1994,5.7,317,16,63,165,91,14,317,2,1,50.0,1,50.0,180,661,330,8,5,0,5,5,207,18,Matches,e280527c
437,Allan Saint-Maximin,fr FRA,FW,Newcastle Utd,26-047,1997,11.1,522,5,58,172,307,66,522,82,44,53.7,29,35.4,377,3408,2006,73,42,33,25,28,400,99,Matches,2b16cb1a
438,Bukayo Saka,eng ENG,FW,Arsenal,21-235,2001,30.9,1663,17,146,431,1107,210,1660,143,52,36.4,64,44.8,1056,7468,4008,152,75,72,71,50,1199,459,Matches,bc7dc64d
439,Mohamed Salah,eg EGY,FW,Liverpool,30-317,1992,30.7,1295,4,71,433,803,229,1293,101,34,33.7,56,55.4,871,5142,2416,92,47,64,94,59,1035,337,Matches,e342ad68
440,William Saliba,fr FRA,DF,Arsenal,22-035,2001,26.8,2056,174,905,1094,64,15,2056,11,8,72.7,1,9.1,1323,6658,3908,13,14,1,15,6,1423,2,Matches,972aeb2a
441,Mohammed Salisu,gh GHA,DF,Southampton,24-011,1999,21.9,1504,220,755,635,124,25,1504,10,7,70.0,3,30.0,725,3391,1556,5,11,0,5,9,757,4,Matches,0b33f6ad
442,Albert Sambi Lokonga,be BEL,MF,Arsenal,23-188,1999,2.2,154,6,32,95,29,0,154,2,1,50.0,0,0.0,96,393,145,0,6,0,1,1,113,2,Matches,1b4f1169
443,Albert Sambi Lokonga,be BEL,MF,Crystal Palace,23-188,1999,6.0,325,22,109,170,47,2,325,5,1,20.0,2,40.0,172,804,368,2,2,0,3,6,211,2,Matches,1b4f1169
444,Davinson Sánchez,co COL,DF,Tottenham,26-320,1996,7.5,564,73,289,238,38,8,564,6,2,33.3,3,50.0,319,1224,627,5,2,0,2,2,384,4,Matches,da7b447d
445,Robert Sánchez,es ESP,GK,Brighton,25-161,1997,23.0,826,692,822,4,0,0,826,0,0,,0,,523,2418,1458,0,0,0,0,0,480,0,Matches,6a713852
446,Jadon Sancho,eng ENG,FWMF,Manchester Utd,23-034,2000,13.9,711,11,87,249,385,76,711,56,23,41.1,30,53.6,474,2691,1506,57,24,33,36,16,532,127,Matches,dbf053da
447,Morgan Sanson,fr FRA,MF,Aston Villa,28-253,1994,0.1,9,1,1,4,4,0,9,0,0,,0,,5,11,9,0,0,0,1,0,5,0,Matches,6e7f1353
448,Pablo Sarabia,es ESP,FWMF,Wolves,30-352,1992,7.7,414,6,60,173,187,20,414,11,2,18.2,8,72.7,253,1136,490,14,13,2,8,13,286,46,Matches,9744ff80
449,Jeremy Sarmiento,ec ECU,MF,Brighton,20-316,2002,2.0,100,0,13,39,48,10,100,11,6,54.5,4,36.4,69,386,129,5,3,1,6,7,77,20,Matches,ac0d576d
450,Gianluca Scamacca,it ITA,FW,West Ham,24-117,1999,10.3,273,5,13,135,128,38,273,14,6,42.9,6,42.9,143,660,282,13,7,3,23,18,203,48,Matches,8790f988
451,Gustavo Scarpa,br BRA,MFFW,Nott'ham Forest,29-113,1994,2.0,108,3,24,58,27,1,108,4,1,25.0,2,50.0,67,515,313,9,5,0,1,0,71,4,Matches,2964fd20
452,Kevin Schade,de GER,FW,Brentford,21-152,2001,5.1,188,4,29,59,105,34,188,30,10,33.3,16,53.3,90,835,339,16,9,9,14,4,114,34,Matches,52afb588
453,Fabian Schär,ch SUI,DF,Newcastle Utd,31-129,1991,29.6,1829,212,925,755,164,59,1829,11,3,27.3,6,54.5,969,5195,3402,24,22,2,16,6,1078,21,Matches,c8aa95da
454,Jeffrey Schlupp,gh GHA,MFFW,Crystal Palace,30-126,1992,26.3,1116,59,267,600,269,44,1116,53,30,56.6,17,32.1,566,2767,1125,29,23,10,29,30,658,62,Matches,3312f911
455,Nélson Semedo,pt POR,DF,Wolves,29-163,1993,24.8,1602,118,498,729,394,23,1602,59,27,45.8,28,47.5,874,4594,2298,40,39,4,36,16,931,134,Matches,d04b94db
456,Antoine Semenyo,gh GHA,FWMF,Bournemouth,23-111,2000,2.7,94,8,24,40,34,4,94,6,3,50.0,2,33.3,56,490,234,5,9,4,12,6,59,11,Matches,efd2ec23
457,Marcos Senesi,ar ARG,DF,Bournemouth,25-353,1997,23.7,1344,289,850,457,48,15,1344,9,5,55.6,4,44.4,733,3320,1729,8,10,0,12,4,774,2,Matches,35141f4c
458,Ryan Sessegnon,eng ENG,DF,Tottenham,22-345,2000,9.0,493,29,157,170,168,27,493,11,5,45.5,4,36.4,233,1435,815,24,11,5,11,10,270,64,Matches,6aa3e78b
459,Luke Shaw,eng ENG,DF,Manchester Utd,27-290,1995,22.9,1919,134,618,906,413,19,1919,34,11,32.4,15,44.1,1052,5385,2855,52,42,3,18,8,1155,66,Matches,9c94165b
460,Jonjo Shelvey,eng ENG,MF,Newcastle Utd,31-060,1992,0.4,28,0,8,18,2,0,28,0,0,,0,,10,63,19,0,0,0,0,0,17,0,Matches,3727dd3c
461,Jonjo Shelvey,eng ENG,MF,Nott'ham Forest,31-060,1992,6.0,345,23,102,209,35,1,345,4,4,100.0,0,0.0,178,978,442,1,3,0,3,4,214,0,Matches,3727dd3c
462,Bernardo Silva,pt POR,MFFW,Manchester City,28-261,1994,22.3,1590,25,244,717,642,84,1590,63,27,42.9,29,46.0,990,6481,3305,84,65,29,26,30,1178,164,Matches,3eb22ec9
463,Thiago Silva,br BRA,DF,Chelsea,38-218,1984,21.1,1909,284,978,891,44,20,1909,3,2,66.7,0,0.0,1206,5487,3144,4,10,0,4,1,1378,1,Matches,86e7deaf
464,Ellis Simms,eng ENG,FW,Everton,22-113,2001,2.5,83,1,2,36,46,11,83,2,2,100.0,0,0.0,37,156,55,2,2,2,6,2,64,19,Matches,26d3b5be
465,Luis Sinisterra,co COL,FW,Leeds United,23-315,1999,9.6,469,7,50,212,215,32,469,42,19,45.2,17,40.5,281,1740,931,30,17,8,16,23,341,84,Matches,8e16dd48
466,Oliver Skipp,eng ENG,MF,Tottenham,22-224,2000,12.0,672,33,167,409,104,5,672,10,7,70.0,3,30.0,369,1613,725,12,12,1,12,11,466,22,Matches,6250083a
467,Adam Smith,eng ENG,DF,Bournemouth,31-364,1991,28.7,1336,101,525,566,263,15,1336,27,5,18.5,15,55.6,557,2386,1177,21,18,1,20,4,668,36,Matches,20b104bc
468,Emile Smith Rowe,eng ENG,MFFW,Arsenal,22-274,2000,1.6,86,1,13,25,48,8,86,4,2,50.0,2,50.0,58,261,108,2,1,0,0,3,61,11,Matches,17695062
469,Cédric Soares,pt POR,DF,Arsenal,31-240,1991,0.3,27,2,8,9,10,0,27,0,0,,0,,14,87,67,1,2,0,0,0,20,0,Matches,839c14e1
470,Cédric Soares,pt POR,DF,Fulham,31-240,1991,1.2,141,2,23,64,54,3,141,1,1,100.0,0,0.0,84,334,169,3,1,1,1,0,100,7,Matches,839c14e1
471,Dominic Solanke,eng ENG,FWMF,Bournemouth,25-226,1997,26.8,856,43,127,362,386,142,856,97,39,40.2,49,50.5,547,3941,1514,59,35,31,115,63,620,145,Matches,e77dc3b2
472,Manor Solomon,il ISR,FW,Fulham,23-278,1999,5.4,233,9,51,73,115,10,233,30,15,50.0,12,40.0,151,1182,522,11,12,2,10,10,151,45,Matches,886f9aac
473,Tomáš Souček,cz CZE,MF,West Ham,28-060,1995,27.6,1172,106,374,564,239,61,1172,15,2,13.3,10,66.7,466,1813,617,11,15,0,20,17,632,42,Matches,6613c819
474,Boubakary Soumaré,fr FRA,MF,Leicester City,24-060,1999,13.3,848,36,266,525,68,0,848,14,9,64.3,3,21.4,440,2178,899,14,8,0,17,18,553,14,Matches,ae59b359
475,Harry Souttar,au AUS,DF,Leicester City,24-188,1998,10.0,632,98,351,266,19,15,632,4,2,50.0,0,0.0,378,1836,920,6,1,1,3,0,408,4,Matches,0a6cb1b1
476,Çağlar Söyüncü,tr TUR,DF,Leicester City,26-340,1996,3.9,230,42,133,89,9,6,230,1,1,100.0,0,0.0,111,625,331,3,0,0,0,0,127,0,Matches,21166ff4
477,Djed Spence,eng ENG,FWDF,Tottenham,22-262,2000,0.1,12,0,3,1,8,2,12,1,0,0.0,0,0.0,8,92,66,2,1,1,0,2,10,2,Matches,9bc9a519
478,Jack Stacey,eng ENG,DF,Bournemouth,27-022,1996,3.3,167,17,66,56,47,2,167,7,3,42.9,4,57.1,73,458,221,9,4,1,3,4,76,15,Matches,558807c0
479,Junior Stanislas,eng ENG,MF,Bournemouth,33-153,1989,0.7,34,0,3,15,16,3,34,0,0,,0,,18,92,13,0,1,0,1,1,27,5,Matches,6992791d
480,Jay Stansfield,eng ENG,FW,Fulham,20-155,2002,1.0,35,2,7,14,15,7,35,0,0,,0,,13,88,35,2,2,0,2,2,23,4,Matches,b2626673
481,Jason Steele,eng ENG,GK,Brighton,32-253,1990,7.0,253,214,252,1,0,0,253,0,0,,0,,182,837,475,0,0,0,0,0,160,0,Matches,28300a16
482,Jack Stephens,eng ENG,DF,Southampton,29-091,1994,0.5,33,4,8,17,8,0,33,0,0,,0,,16,135,86,3,2,0,0,1,25,0,Matches,6adbc307
483,Jack Stephens,eng ENG,DF,Bournemouth,29-091,1994,13.0,665,125,364,275,28,7,665,3,3,100.0,0,0.0,368,1674,863,7,3,0,5,1,398,3,Matches,6adbc307
484,Raheem Sterling,eng ENG,FWMF,Chelsea,28-141,1994,17.2,744,3,51,218,486,90,744,77,30,39.0,39,50.6,538,3094,1567,63,43,34,39,44,627,151,Matches,b400bde0
485,John Stones,eng ENG,DFMF,Manchester City,28-335,1994,17.2,1435,72,435,824,181,20,1435,8,5,62.5,0,0.0,909,5127,2634,23,28,1,5,3,1117,31,Matches,5eecec3d
486,Pascal Struijk,nl NED,DF,Leeds United,23-260,1999,22.7,1521,82,502,675,350,27,1521,18,9,50.0,7,38.9,654,2640,1373,22,21,1,24,10,760,45,Matches,f4d296e4
487,Kamaldeen Sulemana,gh GHA,FWMF,Southampton,21-072,2002,8.1,341,4,31,130,188,35,341,58,28,48.3,29,50.0,229,1847,729,24,24,15,25,12,238,68,Matches,a62f8bf1
488,Crysencio Summerville,nl NED,FW,Leeds United,21-180,2001,14.2,585,10,96,223,279,60,585,54,22,40.7,20,37.0,381,2377,1233,47,24,15,40,32,401,77,Matches,df04eb4b
489,Sam Surridge,eng ENG,FW,Nott'ham Forest,24-274,1998,3.5,126,8,24,51,55,14,126,5,2,40.0,2,40.0,65,333,137,2,5,1,11,3,86,14,Matches,b017b770
490,Japhet Tanganga,eng ENG,DF,Tottenham,24-028,1999,1.6,109,5,48,59,3,0,109,2,1,50.0,1,50.0,68,308,133,1,2,0,3,1,71,2,Matches,e9971f2d
491,Matt Targett,eng ENG,DF,Newcastle Utd,27-222,1995,5.8,405,14,123,165,120,0,405,2,2,100.0,0,0.0,175,595,356,3,5,0,5,6,215,13,Matches,e514ab62
492,James Tarkowski,eng ENG,DF,Everton,30-160,1992,33.0,1905,333,972,853,90,67,1905,10,9,90.0,1,10.0,902,4132,2170,13,2,0,19,5,1098,7,Matches,15ea812b
493,Marcus Tavernier,eng ENG,MFFW,Bournemouth,24-037,1999,19.4,1008,37,200,390,450,59,1008,96,45,46.9,45,46.9,592,4060,2028,67,43,21,46,40,636,137,Matches,5c0da4a4
494,Tetê,br BRA,FW,Leicester City,23-072,2000,7.3,314,5,56,142,122,27,314,26,17,65.4,7,26.9,186,1358,582,19,9,11,17,12,207,52,Matches,7120a04d
495,Kenny Tete,nl NED,DF,Fulham,27-201,1995,23.5,1573,92,467,732,394,22,1573,28,17,60.7,8,28.6,673,3500,1824,59,43,4,18,20,782,57,Matches,77d7c96f
496,Luke Thomas,eng ENG,DF,Leicester City,21-322,2001,8.5,582,29,239,274,73,3,582,8,4,50.0,3,37.5,254,1026,450,7,5,1,5,5,302,7,Matches,fc027d02
497,Youri Tielemans,be BEL,MF,Leicester City,25-356,1997,21.4,1590,49,368,903,338,12,1588,25,17,68.0,4,16.0,799,3405,1822,31,23,1,32,14,1113,51,Matches,56f7a928
498,Kieran Tierney,sct SCO,DF,Arsenal,25-327,1997,6.9,490,20,123,216,152,11,490,8,3,37.5,2,25.0,273,1599,736,23,12,3,5,0,294,26,Matches,fce2302c
499,Harry Toffolo,eng ENG,DF,Nott'ham Forest,27-252,1995,9.8,468,46,163,170,142,12,468,8,3,37.5,4,50.0,178,688,322,8,6,4,9,6,209,41,Matches,a105d46a
500,Takehiro Tomiyasu,jp JPN,DF,Arsenal,24-174,1998,7.4,557,26,138,293,130,17,557,4,1,25.0,2,50.0,311,1380,624,14,7,1,7,4,344,28,Matches,b3af9be1
501,James Tomkins,eng ENG,DF,Crystal Palace,34-030,1989,3.8,208,34,142,59,7,3,208,1,1,100.0,0,0.0,117,429,220,1,1,0,2,1,130,1,Matches,e7ca0439
502,Ivan Toney,eng ENG,FW,Brentford,27-043,1996,30.8,1165,48,136,506,530,153,1158,48,14,29.2,26,54.2,585,2323,687,13,20,7,96,45,843,154,Matches,e09f279b
503,Adama Traoré,es ESP,FWMF,Wolves,27-093,1996,14.3,625,10,78,230,333,50,625,89,41,46.1,29,32.6,412,3529,1849,73,36,21,54,24,493,141,Matches,9a28eba4
504,Bertrand Traoré,bf BFA,FW,Aston Villa,27-234,1995,1.8,78,0,4,26,48,10,78,3,1,33.3,2,66.7,48,325,188,8,2,4,4,5,57,20,Matches,c47541e0
505,Boubacar Traoré,ml MLI,MF,Wolves,21-251,2001,4.3,157,6,37,96,26,2,157,7,3,42.9,3,42.9,74,448,241,4,3,0,2,3,84,2,Matches,999ceb5f
506,Mark Travers,ie IRL,GK,Bournemouth,23-345,1999,10.5,354,328,353,1,0,0,354,0,0,,0,,159,786,413,0,0,0,0,0,120,0,Matches,fe558029
507,Kieran Trippier,eng ENG,DF,Newcastle Utd,32-221,1990,31.1,2552,105,644,1065,858,19,2552,34,18,52.9,12,35.3,1037,3537,1804,31,38,1,25,6,1303,126,Matches,21512407
508,Leandro Trossard,be BEL,FW,Arsenal,28-145,1994,7.1,401,4,33,132,241,32,401,19,13,68.4,3,15.8,277,1894,954,29,14,6,9,16,312,85,Matches,38ceb24a
509,Leandro Trossard,be BEL,FWMF,Brighton,28-145,1994,14.6,697,3,62,278,368,90,697,40,14,35.0,19,47.5,429,2443,1192,40,27,24,38,26,531,118,Matches,38ceb24a
510,Kostas Tsimikas,gr GRE,DF,Liverpool,26-351,1996,6.9,569,21,142,204,226,22,569,13,3,23.1,8,61.5,274,1558,762,19,8,5,11,7,321,69,Matches,f315ca93
511,Deniz Undav,de GER,FWMF,Brighton,26-283,1996,3.0,103,1,7,29,67,26,103,1,0,0.0,1,100.0,49,177,103,3,3,2,6,5,79,24,Matches,dd549382
512,Yan Valery,tn TUN,DF,Southampton,24-065,1999,0.5,28,3,7,18,3,0,28,0,0,,0,,17,91,18,0,1,0,1,3,20,0,Matches,531a4aa8
513,Virgil van Dijk,nl NED,DF,Liverpool,31-294,1991,26.5,2439,305,1139,1197,109,55,2439,1,1,100.0,0,0.0,1498,5804,2748,10,13,2,6,0,1775,6,Matches,e06683ca
514,Raphaël Varane,fr FRA,DF,Manchester Utd,30-003,1993,18.3,1119,136,537,543,42,16,1119,7,4,57.1,3,42.9,684,4701,2690,16,15,0,2,1,731,3,Matches,9f8e9423
515,Jamie Vardy,eng ENG,FW,Leicester City,36-107,1987,17.0,360,26,46,146,170,60,360,19,6,31.6,11,57.9,160,742,263,12,7,10,28,15,220,87,Matches,45963054
516,Joël Veltman,nl NED,DF,Brighton,31-103,1992,22.1,1630,87,537,832,271,22,1630,19,5,26.3,8,42.1,890,4219,2186,43,32,2,19,8,1001,47,Matches,dad4b285
517,Fabio Vieira,pt POR,MF,Arsenal,22-333,2000,5.3,331,5,25,148,161,26,331,18,6,33.3,11,61.1,198,761,272,7,7,1,12,7,238,39,Matches,6412cc03
518,Matías Viña,uy URU,DFMF,Bournemouth,25-170,1997,2.1,122,9,38,54,34,3,122,14,8,57.1,4,28.6,57,403,255,5,4,1,7,1,61,9,Matches,08eb3b58
519,Rúben Vinagre,pt POR,DFMF,Everton,24-019,1999,0.3,31,1,7,16,9,0,31,3,1,33.3,0,0.0,15,98,52,2,1,0,1,1,17,1,Matches,b937e490
520,Carlos Vinícius,br BRA,FW,Fulham,28-034,1995,8.6,242,9,14,95,135,39,242,9,2,22.2,6,66.7,132,515,158,4,6,3,37,13,175,33,Matches,8b529245
521,Theo Walcott,eng ENG,FWMF,Southampton,34-043,1989,9.1,278,7,51,111,125,32,278,19,8,42.1,9,47.4,167,1003,499,13,7,7,17,10,186,52,Matches,1ecb65be
522,Kyle Walker,eng ENG,DF,Manchester City,32-335,1990,15.3,1409,34,285,854,278,10,1409,13,8,61.5,4,30.8,811,3819,2006,35,27,2,10,3,1082,56,Matches,86dd77d1
523,Kyle Walker-Peters,eng ENG,DF,Southampton,26-015,1997,24.4,1405,65,360,619,450,40,1405,81,39,48.1,31,38.3,730,4731,2562,81,65,13,35,40,762,100,Matches,984a5a64
524,Aaron Wan-Bissaka,eng ENG,DF,Manchester Utd,25-153,1997,11.0,734,49,237,298,203,30,734,26,13,50.0,13,50.0,389,1987,1063,32,19,4,10,6,425,43,Matches,9e525177
525,Danny Ward,wls WAL,GK,Leicester City,29-310,1993,26.0,1000,806,996,5,0,0,1000,0,0,,0,,559,2832,1665,0,0,0,0,0,482,0,Matches,d3ce0e89
526,Joel Ward,eng ENG,DF,Crystal Palace,33-181,1989,20.1,1143,108,460,462,225,15,1143,7,5,71.4,1,14.3,468,1719,835,13,12,1,17,6,578,34,Matches,8a7ff278
527,James Ward-Prowse,eng ENG,MF,Southampton,28-178,1994,32.5,2197,81,386,1222,597,24,2194,15,6,40.0,8,53.3,1054,3955,1825,18,25,1,21,21,1299,46,Matches,3515d404
528,Ollie Watkins,eng ENG,FW,Aston Villa,27-119,1995,29.8,828,41,77,330,432,147,827,57,15,26.3,31,54.4,421,2288,1085,47,24,30,76,35,611,170,Matches,aed3a70f
529,Adam Webster,eng ENG,DF,Brighton,28-114,1995,18.8,1589,139,695,810,92,21,1589,8,3,37.5,4,50.0,1025,5228,3025,17,13,0,8,4,1137,7,Matches,c40b6180
530,Wout Weghorst,nl NED,FWMF,Manchester Utd,30-264,1992,7.4,226,13,38,117,72,20,226,8,2,25.0,5,62.5,130,317,75,1,4,0,12,12,159,36,Matches,c4e87b8b
531,Danny Welbeck,eng ENG,FW,Brighton,32-153,1990,16.6,540,15,30,198,318,96,540,35,19,54.3,13,37.1,316,1401,633,22,13,7,56,17,408,110,Matches,ce5143da
532,Ben White,eng ENG,DF,Arsenal,25-202,1997,28.9,2209,82,468,1134,619,45,2209,28,8,28.6,14,50.0,1256,5538,2917,55,36,3,25,7,1476,116,Matches,35e413f1
533,Harvey White,eng ENG,MF,Tottenham,21-221,2001,0.1,8,0,0,4,4,0,8,0,0,,0,,5,11,4,0,0,0,0,0,5,1,Matches,4d90ce8c
534,Joseph Whitworth,eng ENG,GK,Crystal Palace,19-058,2004,2.0,87,79,87,0,0,0,87,0,0,,0,,52,208,109,0,0,0,0,0,50,0,Matches,3f847d95
535,Neco Williams,wls WAL,DF,Nott'ham Forest,22-015,2001,20.9,1153,82,445,422,309,23,1153,55,19,34.5,31,56.4,555,3620,2064,51,33,5,31,17,532,67,Matches,dd323728
536,Willian,br BRA,FW,Fulham,34-262,1988,19.0,885,7,95,334,472,61,885,61,31,50.8,19,31.1,607,4356,2175,79,56,23,34,21,661,119,Matches,8b9ebd03
537,Joe Willock,eng ENG,MF,Newcastle Utd,23-251,1999,25.0,1183,37,187,521,490,94,1183,76,29,38.2,37,48.7,692,4511,2484,83,51,27,58,22,797,125,Matches,a3b03921
538,Callum Wilson,eng ENG,FW,Newcastle Utd,31-060,1992,16.7,389,7,22,153,216,91,388,27,8,29.6,15,55.6,248,1228,534,22,11,11,57,28,303,94,Matches,c596fcb0
539,Harry Wilson,wls WAL,FW,Fulham,26-037,1997,7.3,355,14,60,146,153,21,355,21,9,42.9,8,38.1,219,1262,431,9,11,4,13,11,242,53,Matches,c6dc9ecd
540,Yoane Wissa,cd COD,FW,Brentford,26-237,1996,14.7,440,13,61,172,218,44,440,41,19,46.3,14,34.1,265,1361,574,19,9,8,35,24,287,89,Matches,2500cef9
541,Maximilian Wöber,at AUT,DF,Leeds United,25-083,1998,9.8,601,72,270,281,53,11,601,0,0,,0,,310,1614,941,9,3,0,5,1,313,10,Matches,4b803b3c
542,Chris Wood,nz NZL,FW,Newcastle Utd,31-142,1991,5.0,149,8,19,70,60,16,148,2,1,50.0,0,0.0,52,159,62,1,1,0,12,5,101,23,Matches,4e9a0555
543,Chris Wood,nz NZL,FW,Nott'ham Forest,31-142,1991,4.1,99,4,12,57,31,8,99,2,0,0.0,2,100.0,50,189,70,2,2,0,11,6,79,12,Matches,4e9a0555
544,Joe Worrall,eng ENG,DF,Nott'ham Forest,26-108,1997,20.4,1218,171,688,467,66,24,1218,3,3,100.0,0,0.0,623,2704,1493,5,5,1,5,4,721,1,Matches,a5212312
545,Granit Xhaka,ch SUI,MF,Arsenal,30-213,1992,29.1,1712,73,294,818,607,94,1712,23,13,56.5,8,34.8,1014,3832,1922,36,34,8,32,22,1271,161,Matches,e61b8aee
546,Ryan Yates,eng ENG,MF,Nott'ham Forest,25-158,1997,16.6,664,52,191,351,128,32,664,8,4,50.0,3,37.5,257,1104,513,10,3,3,17,15,326,23,Matches,c1fe2a48
547,Ashley Young,eng ENG,DF,Aston Villa,37-293,1985,19.8,1233,71,442,589,220,6,1233,18,8,44.4,8,44.4,607,2807,1330,24,16,4,15,4,675,32,Matches,be927d03
548,Illia Zabarnyi,ua UKR,DF,Bournemouth,20-239,2002,0.3,8,2,6,2,0,0,8,0,0,,0,,5,36,19,0,0,0,0,0,5,0,Matches,88968486
549,Wilfried Zaha,ci CIV,FWMF,Crystal Palace,30-169,1992,22.9,913,11,92,349,486,123,911,121,46,38.0,61,50.4,636,4173,1802,70,38,47,90,80,713,212,Matches,b2bc3b1f
550,Denis Zakaria,ch SUI,MF,Chelsea,26-159,1996,4.6,218,12,66,112,44,2,218,8,5,62.5,3,37.5,140,646,291,9,3,2,4,9,159,3,Matches,384d58d9
551,Jordan Zemura,zw ZIM,DF,Bournemouth,23-165,1999,16.2,808,46,302,297,222,31,808,40,18,45.0,18,45.0,375,2345,1235,39,29,10,35,16,409,48,Matches,e8271ad9
552,Oleksandr Zinchenko,ua UKR,DF,Arsenal,26-134,1996,22.1,1987,63,422,993,590,33,1987,24,15,62.5,8,33.3,1189,6625,3664,66,64,8,16,15,1318,67,Matches,51cf8561
553,Hakim Ziyech,ma MAR,FWMF,Chelsea,30-040,1993,6.7,436,9,68,168,203,12,436,28,12,42.9,13,46.4,264,1223,514,15,13,4,8,13,309,58,Matches,6622454d
554,Kurt Zouma,fr FRA,DF,West Ham,28-183,1994,21.4,1029,227,645,354,33,27,1029,4,2,50.0,2,50.0,513,2117,1007,3,1,0,6,1,610,1,Matches,ce4246f5
555,Martin Ødegaard,no NOR,MF,Arsenal,24-132,1998,30.2,1830,23,173,764,912,106,1830,74,42,56.8,27,36.5,1121,6052,2604,73,52,23,40,42,1345,168,Matches,79300479